"","cohort","BR","SOD","SD","SA","NW","P","SDB","DS","CSHQ_total","study","ID_clean","age_months","age_months_z","EPO","GMCSF","VEGF","IL8","EPO_LPS","GMCSF_LPS","VEGF_LPS","IL8_LPS","EPO_z","GMCSF_z","VEGF_z","IL8_z","EPO_LPS_z","GMCSF_LPS_z","VEGF_LPS_z","IL8_LPS_z","riskgroup","riskgroup_CP","riskgroup_HR","EPO_diff","GMCSF_diff","IL8_diff","VEGF_diff","EPO_diff_z","GMCSF_diff_z","IL8_diff_z","VEGF_diff_z","EPO_diff_log2","GMCSF_diff_log2","IL8_diff_log2","VEGF_diff_log2","EPO_diff_log2_z","GMCSF_diff_log2_z","IL8_diff_log2_z","VEGF_diff_log2_z"
"1","firefly_control",4,1,3,4,3,10,3,10,38,"firefly","CF1",34,-1.08689582798433,557.0507157,2.043051782,215.0362954,47.7287618,825.6220876,17.27916409,441.0454044,150.8144486,1.77460147765067,0.126589811192077,0.486070245563888,-0.334205824526563,1.8861565233543,0.426649987836307,0.0791245960727168,-0.600245199014332,"CN",0,0,268.5713719,15.236112308,103.0856868,226.009109,1.30527953727852,0.411730997458252,-0.587485809830561,-0.109008874815593,0.567672886059585,3.08023575092057,1.65984383594608,1.03634699588052,-0.029085797274101,1.00110063091925,-0.516126609633147,-0.414965249037735
"2","firefly_control",9,3,3,10,4,12,4,18,63,"firefly","CF2",45,-0.814083843972912,559.7110315,4.317463275,156.2692906,43.9080153,713.7190181,0.24696,268.9222231,123.2994554,1.7883586261581,0.718132758518387,0.0665965902335603,-0.345930887621416,1.48082218932311,-0.120617791533458,-0.383476648102351,-0.61705201663227,"CN",0,0,154.0079866,-4.070503275,79.3914401,112.6529325,0.521075052779821,-0.20458115162308,-0.603527899336608,-0.494865792593506,0.350674033251288,-4.12783461284439,1.48961019819218,0.783154687382495,-0.157621701416166,-1.50215027153748,-0.57125211125085,-0.623615324553482
"3","firefly_control",5,1,3,4,2,9,3,14,41,"firefly","CF3",39,-0.962890380706414,386.6507797,4.882993747,296.3658407,172.7584623,602.471552,0.24696,504.8977831,126.2530376,0.893421421806163,0.865219406312476,1.06659330896399,0.0494838882280306,1.07786257627781,-0.120617791533458,0.250735355338631,-0.615247897801705,"CN",0,0,215.8207723,-4.636033747,-46.5054247,208.5319424,0.944193343308348,-0.222634201836407,-0.688765839129489,-0.168499992494276,0.639861998268282,-4.30541663733078,-0.452438281503621,0.768612171479791,0.0136743034677916,-1.56382175095176,-1.20013132702543,-0.635599484180162
"4","firefly_control",5,1,3,6,4,8,3,15,45,"firefly","CF4",54,-0.590874038872659,280.7424485,5.977911004,119.3464337,65.07348802,330.3302433,14.82314621,241.5470968,176.4187221,0.34574334520633,1.1499922292065,-0.196955479534025,-0.280978527376004,0.0921146730508066,0.347734807852691,-0.45705051183287,-0.584605494805563,"CN",0,0,49.5877948,8.845235206,111.34523408,122.2006631,-0.193697668603564,0.207719311188573,-0.581893718280962,-0.462365949930854,0.234661844165696,1.31013836769428,1.43886188110873,1.01714905627802,-0.22633972191552,0.386373297752229,-0.587685563959671,-0.430785838421235
"5","firefly_control",4,1,3,4,3,10,3,11,39,"firefly","CF5",58,-0.491669681050325,597.0842982,5.584727406,143.5680853,41.91298086,904.8483346,0.24696,218.0816954,96.63599094,1.98162499709029,1.04773061774476,-0.024063483942824,-0.352053226458972,2.17312915251472,-0.120617791533458,-0.520116531184369,-0.633338700077337,"CN",0,0,307.7640364,-5.337767406,54.72301008,74.5136101,1.57355952202119,-0.245035175098744,-0.62022955553885,-0.624689520261333,0.59974136633315,-4.49913757041126,1.20516347407857,0.603133604456867,-0.0100905304647129,-1.63109802269798,-0.663362393079773,-0.771966642054707
"6","firefly_control",4,1,4,6,4,9,3,13,44,"firefly","CF6",64,-0.342863144316823,408.7047687,3.303375962,75.16831106,47.98375995,580.7994895,0.24696,127.7093357,117.2397343,1.00746803305967,0.454382685224927,-0.512294991093278,-0.333423289124693,0.999362218246798,-0.120617791533458,-0.763002850856737,-0.620753439583858,"CN",0,0,172.0947208,-3.056415962,69.25597435,52.54102464,0.644881607836081,-0.172209122017774,-0.61039007355154,-0.699482746029736,0.506981108676637,-3.74159188100044,1.288843488539,0.764667497850508,-0.0650356300909492,-1.36801416877187,-0.636264912033305,-0.63885020082127
"7","firefly_control",4,1,3,5,2,10,3,8,36,"firefly","CF7",31,-1.16129909635108,653.0870846,4.832134623,202.1412419,36.95996784,844.9723609,0.24696,373.1428882,97.08117207,2.27122920473154,0.851991652143106,0.394026500170808,-0.367252976080971,1.95624691655283,-0.120617791533458,-0.10337138290869,-0.633066772768307,"CN",0,0,191.8852763,-4.585174623,60.12120423,171.0016463,0.780351089059768,-0.221010660109061,-0.616574731022934,-0.296250634969752,0.371628773616381,-4.29031135544763,1.39322802496393,0.88436449195055,-0.145209486033309,-1.55857592112525,-0.60246283855665,-0.540210605463354
"8","firefly_control",8,2,5,8,4,7,3,11,48,"firefly","CF8",37,-1.01249255961758,312.3045999,6.172589437,135.2570536,123.6957888,451.4884272,0.24696,272.4463725,215.3631569,0.508959007055081,1.20062539492524,-0.0833868892895812,-0.101079082225437,0.530972802706803,-0.120617791533458,-0.374005083117404,-0.560817300196186,"CN",0,0,139.1838273,-5.925629437,91.6673681,137.1893189,0.419601338717156,-0.263801100702398,-0.595216534209065,-0.411345558213407,0.531735189415208,-4.64352654209928,0.799975078088085,1.01026845024158,-0.050372934377305,-1.68124207033377,-0.794571558749713,-0.43645599079519
"9","firefly_control",6,3,7,11,6,9,3,18,63,"firefly","CF9",40,-0.938089291250831,447.2767169,5.336215713,153.2621709,16.00038238,486.5029338,0.24696,354.3974514,28.79305244,1.2069330813852,0.983096166250509,0.045132037175807,-0.43157351186121,0.657802046779878,-0.120617791533458,-0.153751943625674,-0.674778793692715,"CN",0,0,39.2262169,-5.089255713,12.79267006,201.1352805,-0.264624307462783,-0.237102102886982,-0.648618314891972,-0.193677739756944,0.121280844588835,-4.4334676945183,0.847614358236404,1.20936658280676,-0.293499198127211,-1.60829189459472,-0.779144882509152,-0.27238370660457
"10","firefly_control",4,1,3,5,2,7,3,14,39,"firefly","CF10",59,-0.466868591594741,304.0925174,1.547892674,69.75282785,39.36236898,311.7054262,0.24696,188.2940928,83.40896026,0.46649230497868,-0.00219421889362822,-0.550950228759546,-0.359880514980595,0.0246520210483855,-0.120617791533458,-0.600174208016028,-0.641418087582533,"CN",0,0,7.61290879999996,-1.300932674,44.04659128,118.54126495,-0.481022399374432,-0.116170005619957,-0.627457979728155,-0.474822298889318,0.0356729523858395,-2.64795614984416,1.08338532414503,1.43266412859198,-0.344207705032219,-0.988211462524984,-0.702796911954752,-0.0883692313349498
"11","firefly_control",7,2,4,4,3,10,5,11,46,"firefly","CF11",33,-1.11169691743992,329.2237822,7.317089348,197.8296202,34.03405442,368.3826538,0.24696,506.9486539,149.901802,0.596452267639154,1.49829397981031,0.363250527819388,-0.376231985669694,0.229947786451677,-0.120617791533458,0.25624731123299,-0.600802665441612,"CN",0,0,39.1588716,-7.070129348,115.86774758,309.1190337,-0.265085296688368,-0.300336204265184,-0.578831769645165,0.173891804897227,0.162136574441503,-4.88892058234081,2.13896679381851,1.35758118086182,-0.269298940346881,-1.76646360975993,-0.36097576084815,-0.150243396497293
"12","firefly_control",8,1,5,10,2,9,3,16,54,"firefly","CF13",61,-0.417266412683574,323.3127411,3.19327477,64.06703257,19.52962145,365.7796497,0.24696,106.8947956,16.33420958,0.565884817622053,0.42574688918702,-0.591534929948223,-0.420743023428499,0.220519207431743,-0.120617791533458,-0.818944369450966,-0.682388953657376,"CN",0,0,42.4669086,-2.94631477,-3.19541187,42.82776303,-0.242441260432854,-0.168694435460401,-0.659442978136112,-0.732546045288115,0.178044450119799,-3.6926874038766,-0.257767341414066,0.738537539080975,-0.25987615696887,-1.3510304033095,-1.13709247427918,-0.660383310981008
"13","firefly_control",8,2,6,5,4,10,3,9,47,"firefly","CF14",89,0.277164092072769,531.7103008,2.103189537,172.8483388,457.4273677,765.9630029,5.855774397,184.7888468,109.3803794,1.64355994828821,0.142230808851373,0.184936362253925,0.92307256440894,1.6700599008592,0.0596010094933305,-0.609594967895626,-0.625554122013208,"CN",0,0,234.2527021,3.75258486,-348.0469883,11.940508,1.07036281682098,0.0451500475198683,-0.892923279301011,-0.837684215897602,0.526634293657008,1.47728110264603,-2.0641887128163,0.0963709451174291,-0.0533943708491096,0.444419374023954,-1.72205256527745,-1.18957832926186
"14","firefly_control",6,1,3,7,2,7,3,8,37,"firefly","CF15",51,-0.66527730723941,335.9655956,3.467192198,197.738525,312.548508,506.3261703,0.24696,281.7630634,118.4142235,0.631315845923041,0.496989020693063,0.362600298380996,0.478469979261533,0.729605603205739,-0.120617791533458,-0.348965383238614,-0.620036033417876,"CN",0,0,170.3605747,-3.220232198,-194.1342845,84.0245384,0.633011103618396,-0.177438517922485,-0.788717334214887,-0.592314950190643,0.591753552182592,-3.81141851896554,-1.40023773277015,0.510888523884905,-0.0148219882612565,-1.39226387579198,-1.50705022315796,-0.847983734127811
"15","firefly_control",4,1,3,4,2,8,3,15,40,"firefly","CF16",40,-0.938089291250831,464.3968441,8.290126703,164.0701301,475.3656666,532.1542243,22.99628725,153.4643224,154.4534753,1.29546547756029,1.75136752723425,0.122278289017539,0.978121410600866,0.823159757834283,0.6103488960706,-0.693783302384841,-0.598022394247158,"CN",0,0,67.7573802,14.706160547,-320.9121913,-10.6058077,-0.0693239839847831,0.394813702589703,-0.874551779767227,-0.914430381407602,0.196486247510242,1.47193490031267,-1.62186537517214,-0.0964093171041345,-0.248952444373581,0.442562720975312,-1.57881826571967,-1.34844419888123
"16","firefly_control",9,3,5,6,2,8,5,10,48,"firefly","CF17",25,-1.31010563308459,227.5570925,2.222468094,205.5242927,206.6122693,336.9400956,7.503387274,424.8510241,147.4623004,0.0707087643823666,0.173253510494311,0.418174415996597,0.153374063374691,0.116056823092232,0.112541042133394,0.0356002990033586,-0.602292771514757,"CN",0,0,109.3830031,5.28091918,-59.1499689,219.3267314,0.215609985649158,0.093938039657825,-0.697326774296066,-0.131755245624635,0.566263565293913,1.75537931458978,-0.486579760426689,1.04764811386241,-0.0299205865667514,0.540998564415786,-1.21118710998606,-0.405652252389765
"17","firefly_control",9,3,3,8,2,12,6,12,55,"firefly","CF18",72,-0.144454428672153,224.3382924,2.744946599,158.7202829,57.6132915,254.6622638,0.24696,530.0440313,476.6377258,0.0540635559483076,0.309142937589439,0.0840915553550001,-0.303872293004529,-0.181969230234065,-0.120617791533458,0.318318847671253,-0.401224528510252,"CN",0,0,30.3239714,-2.497986599,419.0244343,371.3237484,-0.32556158532802,-0.154382755747567,-0.373580817196913,0.385632534220401,0.182909299257118,-3.47442878971072,3.04841955735934,1.73962570853534,-0.256994539051137,-1.27523257597054,-0.06647438938436,0.164590889039776
"18","firefly_control",5,2,4,6,2,11,3,14,47,"firefly","CF19",41,-0.913288201795247,448.365729,25.74962518,201.8245615,163.9549945,482.771523,37.07895017,616.9304761,1147.101083,1.21256463128844,6.29234140980151,0.391766063631434,0.0224679070818044,0.644286162735118,1.06284392390826,0.551836362063304,0.00831056684898408,"CN",0,0,34.405794,11.32932499,983.1460885,415.1059146,-0.297620864307374,0.287017244412876,0.008355362651151,0.534664128485336,0.10666456964945,0.526048964878666,2.80662077201636,1.61200615935334,-0.302156921844223,0.114071224360739,-0.144774304186465,0.0594224945807542
"19","firefly_control",8,2,3,10,4,10,3,10,50,"firefly","CF20",28,-1.23570236471783,410.628452,3.412759492,100.9683223,182.2884763,386.5212132,0.24696,288.9057318,929.207286,1.01741587340229,0.482831827310385,-0.328136804722576,0.0787294860306684,0.295649120003427,-0.120617791533458,-0.329768623896763,-0.124784189149683,"CN",0,0,-24.1072388,-3.165799492,746.9188097,187.9374095,-0.698151824554578,-0.175700899132131,-0.151581317263619,-0.238602418610156,-0.0872859988391106,-3.78858945353945,2.34977710484637,1.51669609253475,-0.417040532319197,-1.38433569588445,-0.29271061481165,-0.0191203835859571
"20","firefly_NE",4,1,3,6,3,8,3,10,38,"firefly","16",NA,NA,426.8052529,9.196308031,244.9755905,190.3358672,538.2733683,7.769340325,764.0915563,2717.034711,1.10107009684312,1.98705274744484,0.699774272106523,0.103425227046579,0.84532446850007,0.121086473767978,0.947349030842143,0.967263671662526,"HR",0,1,111.4681154,-1.426967706,2526.6988438,519.1159658,0.229882908992524,-0.120193337472063,1.05341122669041,0.888707454690458,0.334761115888776,-0.243262681786874,3.8354136404348,1.64110751224229,-0.16704747115761,-0.153098763805151,0.188372092028535,0.0834042636712588
"21","firefly_NE",7,2,3,7,4,8,3,9,43,"firefly","63",NA,NA,384.7148521,4.108242611,97.72648647,54.33397943,558.994768,0.24696,437.1160859,1364.170278,0.883410263171228,0.66371735980754,-0.351276740647828,-0.313935808322403,0.920381343929153,-0.120617791533458,0.0685640915948686,0.140901636173238,"HR",0,1,174.2799159,-3.861282611,1309.83629857,339.38959943,0.659839613768231,-0.197902340595444,0.229539587541161,0.276930805969847,0.539045253360641,-4.05617208890413,4.65002521085621,2.16119494144466,-0.0460429314007799,-1.47726298982786,0.452161740393936,0.511996593436718
"22","firefly_NE",5,2,3,5,2,7,3,10,37,"firefly","68",NA,NA,NA,NA,NA,NA,NA,NA,NA,NA,NA,NA,NA,NA,NA,NA,NA,NA,"HR",0,1,NA,NA,NA,NA,NA,NA,NA,NA,NA,NA,NA,NA,NA,NA,NA,NA
"23","firefly_NE",5,1,3,7,6,15,5,9,51,"firefly","72",NA,NA,432.2742016,6.172589437,174.3684561,118.6681293,481.526675,0.24696,450.6181344,2970.564594,1.12935137812762,1.20062539492524,0.195786824388791,-0.11650790611023,0.639777085036851,-0.120617791533458,0.104852431072662,1.12212580349391,"HR",0,1,49.2524734,-5.925629437,2851.8964647,276.2496783,-0.19599299659985,-0.263801100702398,1.27358490039624,0.0620066958931245,0.155668983017552,-4.64352654209928,4.64573273233111,1.36976629883784,-0.273129917794644,-1.68124207033377,0.450771738776152,-0.140201915375902
"24","firefly_NE",4,1,3,4,2,7,3,11,35,"firefly","10",NA,NA,292.1573316,6.26947511,108.9035084,125.1101608,381.3532257,0.24696,416.2673111,1850.857715,0.404772518359989,1.22582401739814,-0.271496151852458,-0.0967386736326151,0.27692968021546,-0.120617791533458,0.0125305632277875,0.438181992782617,"HR",0,1,89.1958941,-6.02251511,1725.7475542,307.3638027,0.0774260330240777,-0.266893917104378,0.511130543939399,0.167917114813637,0.384382409201658,-4.66599537027987,3.88692312444398,1.93445983786932,-0.137655067842444,-1.68904514544011,0.205052027801158,0.325149304260736
"25","firefly_NE",9,1,3,8,2,7,3,16,49,"firefly","12",NA,NA,332.8773855,4.16074059,154.4475512,179.5173338,500.1452344,36.71198236,384.9668989,1693.221703,0.615345950556545,0.677371357477668,0.0535931763658982,0.0702254356684342,0.707217070452257,1.05105275129093,-0.071592966894953,0.341894136760066,"HR",0,1,167.2678489,32.55124177,1513.7043692,230.5193477,0.611840906566923,0.964470269883777,0.367567602437771,-0.0936563209719598,0.587356229672976,3.14133877016703,3.23757582638707,1.3176174051534,-0.0174266740338449,1.02232076062837,-0.00522131183830534,-0.183176643438806
"26","firefly_NE",8,2,3,11,2,9,3,11,49,"firefly","15",NA,NA,469.5469724,6.07540364,332.9561654,471.0001763,801.6163183,34.67782385,807.0420759,6824.542723,1.32209805999858,1.17534871435422,1.32777179345317,0.964724643972284,1.79920303266277,0.98569248407176,1.06278359145659,3.47622805773777,"HR",0,1,332.0693459,28.60242021,6353.5425467,474.0859105,1.73993320814365,0.838414685904302,3.64435956891281,0.735428128570748,0.77164238841423,2.51296120009513,3.85693287683794,1.27731163672477,0.0917323732520018,0.804094988683431,0.19534050741814,-0.216391718873926
"27","firefly_NE",4,1,3,6,4,10,3,10,41,"firefly","6",NA,NA,406.780133,7.363980581,160.1362729,117.5383169,662.0265007,0.24696,511.9696762,2026.486453,0.997515267621973,1.51048974045343,0.0941987660803489,-0.11997506146203,1.2935819982511,-0.120617791533458,0.269741897757988,0.545460237286584,"HR",0,1,255.2463677,-7.117020581,1908.9481361,351.8334033,1.21406777688718,-0.301833081667599,0.635165723010936,0.319288690250736,0.702639748596919,-4.89813652909181,4.10777748114015,1.67675822876665,0.0508597299991695,-1.76966416495115,0.276569662964026,0.112783215737866
"28","firefly_NE",5,1,4,5,3,7,4,9,38,"firefly","29",NA,NA,276.4493041,9.952902305,191.6037824,120.5275764,454.0038151,0.24696,628.4996596,2477.745379,0.323542437676995,2.18383244546766,0.318811051137742,-0.110801656148595,0.54008401908212,-0.120617791533458,0.582929900079323,0.821100009850602,"HR",0,1,177.554511,-9.705942305,2357.2178026,436.8958772,0.682254734931183,-0.384477494649372,0.938664804618741,0.608835718132522,0.715689480841641,-5.33276798930993,4.36159276490632,1.71378592205233,0.0585895364528887,-1.92060492164749,0.358760791700151,0.143296903322068
"29","firefly_NE",4,1,3,5,2,8,3,8,34,"firefly","32",NA,NA,264.1027197,3.89690276,147.5904697,284.1718849,412.1961292,0.24696,731.489655,4577.36387,0.259695207528499,0.608750789891406,0.00464793827707591,0.391388123329355,0.38864857948802,-0.120617791533458,0.859727596065346,2.10359733009297,"HR",0,1,148.0934095,-3.64994276,4293.1919851,583.8991853,0.480588837453803,-0.191155880181584,2.24940793607524,1.109225243591,0.64223179876792,-3.97997863899169,4.00968125025823,2.30923789553606,0.0150780180308653,-1.45080218788932,0.244803885027768,0.633995455621692
"30","firefly_NE",4,1,3,4,4,12,8,8,44,"firefly","49",NA,NA,390.7957717,2.162990673,133.554539,295.8533771,485.2596506,0.24696,341.9821681,5932.942339,0.914856196770134,0.157784256568189,-0.0955392871350343,0.427236152788267,0.653298637086687,-0.120617791533458,-0.187119474123241,2.93161716384987,"HR",0,1,94.4638789,-1.916030673,5637.0889619,208.4276291,0.113486221832334,-0.135805366775286,3.15928769978731,-0.168855068059314,0.312342046980595,-3.1306781511111,4.32579349328579,1.3564920925396,-0.180327058836731,-1.15585331732453,0.347168177974283,-0.151140889640048
"31","firefly_NE",5,1,5,6,2,7,3,8,37,"firefly","51",NA,NA,304.0925174,2.043051782,155.1869251,163.6525727,443.9284614,0.24696,367.2837414,819.917321,0.46649230497868,0.126589811192077,0.0588707615268973,0.0215398385260237,0.503589159733171,-0.120617791533458,-0.11911852736078,-0.191541120393475,"HR",0,1,139.835944,-1.796091782,656.2647483,212.0968163,0.424065180626308,-0.131976637946411,-0.212958266084931,-0.156365397822932,0.545816889153516,-3.04837647706408,2.32484215582487,1.24288802164792,-0.0420318579877472,-1.12727122399931,-0.300785115191,-0.244759444291483
"32","firefly_NE",5,1,3,4,2,7,3,8,33,"firefly","56",NA,NA,428.9937106,3.137944314,109.6205277,192.4158966,689.1264526,0.24696,444.766309,2360.11182,1.11238715084894,0.411356203455839,-0.266378131838727,0.109808397443817,1.39174321049259,-0.120617791533458,0.0891249637420583,0.749246611323797,"CP",1,1,260.132742,-2.890984314,2167.6959234,335.1457813,1.24751578149149,-0.166928158398509,0.810349817948133,0.262485130102755,0.68381224057015,-3.66747045727018,3.61655531621493,2.02052952343054,0.0397075476920093,-1.34227294934969,0.117500817320352,0.396077392473592
"33","firefly_NE",4,1,3,4,2,9,4,9,36,"firefly","37",NA,NA,426.2579545,8.563940109,314.2246823,217.0700489,589.2429169,0.24696,1143.977511,2548.664201,1.09823988196161,1.82258260405795,1.19406813248804,0.185466777623613,1.02994592821482,-0.120617791533458,1.96833710439254,0.8644189268632,"HR",0,1,162.9849624,-8.316980109,2331.5941521,829.7528287,0.58252387136319,-0.34013858541231,0.921316420430918,1.94609476403389,0.467135754545906,-5.11592541324679,3.55350872050501,1.86419027735849,-0.0886374074864219,-1.84529886235181,0.0970849038754301,0.267241743031809
"34","firefly_NE",4,1,3,4,2,7,3,12,36,"firefly","38",NA,NA,236.6026397,3.683281572,61.09626283,66.41510981,624.0172736,21.96527728,369.1707834,1123.046148,0.117485517789364,0.553190875799437,-0.612740020223345,-0.27686137379432,1.15590530338958,0.577221149725588,-0.114046880587711,-0.00638276425299678,"HR",0,1,387.4146339,18.281995708,1056.63103819,308.07452057,2.11878045442411,0.508962691746406,0.0581080370113081,0.17033635137573,1.3991197958381,2.57616111671821,4.07976190155543,2.59513234067095,0.463408881437037,0.826043338288509,0.267497584742031,0.869594624967679
"35","firefly_NE",5,2,4,7,3,11,3,14,49,"firefly","30",NA,NA,395.4878476,5.386097223,212.4598449,134.6728869,330.3302433,0.24696,509.554429,1470.666893,0.939120077383263,0.99606965655044,0.467679770965246,-0.0673926893121948,0.0921146730508066,-0.120617791533458,0.263250637538,0.205952322256372,"CP",1,1,-65.1576043,-5.139137223,1335.9940061,297.0945841,-0.979148066339087,-0.238694436897848,0.247249552782186,0.132961374779625,-0.25972430355351,-4.44689097859852,3.44893917853739,1.26204606239838,-0.519181687068854,-1.6129535927042,0.0632229214202807,-0.22897173465279
"36","firefly_NE",7,1,3,8,5,9,4,11,48,"firefly","66",NA,NA,703.6609817,9.952902305,93.98674417,51.17006938,712.5511049,0.24696,260.1550883,1037.914619,2.53275928811639,2.18383244546766,-0.377970688687433,-0.323645179243161,1.47659178419443,-0.120617791533458,-0.407039351485469,-0.0583831435021978,"HR",0,1,8.89012320000006,-9.705942305,986.74454962,166.16834413,-0.472279664882748,-0.384477494649372,0.0107916855316361,-0.312702875470344,0.0181129722700231,-5.33276798930993,4.34224376982093,1.46884272538676,-0.354609086844579,-1.92060492164749,0.352495149527701,-0.0585552650337468
"37","firefly_NE",6,1,4,8,4,8,3,8,42,"firefly","64",NA,NA,1078.235169,0.24696,91.8364536,35.83600606,1060.077729,0.24696,366.8639121,899.6979438,4.46977470626142,-0.340548800120262,-0.393319271595307,-0.370702177117131,2.73539972723911,-0.120617791533458,-0.120246867861196,-0.142809202958544,"HR",0,1,-18.15744,0,863.86193774,275.0274585,-0.657424511123617,-0.074641203812298,-0.0724054670714798,0.0578463406355957,-0.0245018194571465,0,4.64995896333193,1.99810615922632,-0.379851297637816,-0.0686174120722067,0.452140287947434,0.377598803363672
"38","firefly_NE",12,3,9,12,6,15,8,18,83,"firefly","65",NA,NA,NA,NA,NA,NA,NA,NA,NA,NA,NA,NA,NA,NA,NA,NA,NA,NA,"HR",0,1,NA,NA,NA,NA,NA,NA,NA,NA,NA,NA,NA,NA,NA,NA,NA,NA
"39","firefly_NE",6,1,3,6,6,8,3,9,42,"firefly","73",NA,NA,NA,NA,NA,NA,NA,NA,NA,NA,NA,NA,NA,NA,NA,NA,NA,NA,"HR",0,1,NA,NA,NA,NA,NA,NA,NA,NA,NA,NA,NA,NA,NA,NA,NA,NA
"40","firefly_NE",6,1,3,8,2,10,3,9,42,"firefly","77",NA,NA,430.9076493,2.457369357,201.7340519,147.3870788,508.7950943,0.24696,366.6539308,1069.837212,1.12228459946388,0.234348077538733,0.391120014153777,-0.0283755228428743,0.738548518442873,-0.120617791533458,-0.120811217241098,-0.0388840582382894,"HR",0,1,77.887445,-2.210409357,922.4501332,164.9198789,1.79111034238132e-05,-0.145202620198591,-0.0327385771522875,-0.316952568433485,0.239706051693679,-3.31476542633027,2.8597093345123,0.861964380563303,-0.223351863837476,-1.21978396929759,-0.12758302709009,-0.558670032450832
"41","firefly_NE",7,1,3,7,4,8,3,11,44,"firefly","53",NA,NA,382.7778989,2.914645849,174.0362968,109.0243884,279.3410077,0.24696,359.9108056,775.4786066,0.873393800905983,0.353279363567332,0.193415900837435,-0.146102507720915,-0.0925780967456957,-0.120617791533458,-0.13893415735636,-0.218685352727737,"HR",0,1,-103.4368912,-2.667685849,666.4542182,185.8745088,-1.24117583700756,-0.159799951165135,-0.20605952858867,-0.245624395977079,-0.454480153816238,-3.56097130279251,2.83043608439889,1.04825119274653,-0.634542293710363,-1.30528744683611,-0.137062367470601,-0.40515526867229
"42","firefly_NE",4,1,4,6,2,9,6,14,46,"firefly","59",NA,NA,388.3093348,1.547892674,117.4115043,104.1134515,325.0267823,0.24696,204.9545331,244.7524601,0.901998218898618,-0.00219421889362822,-0.210766833558045,-0.161173134627814,0.0729045223185659,-0.120617791533458,-0.555397320015967,-0.542865609086894,"HR",0,1,-63.2825525,-1.300932674,140.6390086,87.5430288,-0.966313040328143,-0.116170005619957,-0.562060492149329,-0.580338241881545,-0.256647787946987,-2.64795614984416,1.2331668835162,0.803730124684801,-0.51735936077554,-0.988211462524984,-0.654294255826624,-0.606659570358725
"43","firefly_NE",6,2,3,6,3,8,4,13,45,"firefly","85T",NA,NA,428.3322894,4.419937886,259.2131577,85.75648794,311.7054262,0.24696,338.0952967,238.6056432,1.10896677884861,0.744784986403984,0.801400760928277,-0.217506774132797,0.0246520210483855,-0.120617791533458,-0.197565897039713,-0.546620232241558,"HR",0,1,-116.6268632,-4.172977886,152.84915526,78.882139,-1.33146328064172,-0.207852379946873,-0.55379366399979,-0.609819337192149,-0.458547167681978,-4.16167680218739,1.47631043606779,0.383290995295051,-0.636951326281853,-1.5139031383574,-0.575558874991416,-0.953133981913096
"44","firefly_NE",4,1,3,5,4,7,3,10,37,"firefly","107T",NA,NA,574.8498319,1.982563509,108.6825808,59.87810394,721.8857378,9.323637106,196.5573849,189.2628839,1.86664509324862,0.11085764865279,-0.273073113418744,-0.296922062530717,1.51040361104469,0.171028133891629,-0.577965641002737,-0.576759972792935,"HR",0,1,147.0359059,7.341073597,129.38477996,87.8748041,0.473350058123724,0.159702968302215,-0.56968012004678,-0.579208900732209,0.328585371312339,2.23352577143388,1.66029106990095,0.854829838960717,-0.170705577652689,0.707051403691387,-0.515981785164681,-0.564549447402181
"45","firefly_NE",7,3,6,8,5,15,3,12,59,"firefly","91T",NA,NA,368.8526594,6.004270797,426.1346696,98.44931277,493.9518135,0.24696,708.4122167,173.1771454,0.801382956252507,1.15684804649819,1.99287167199907,-0.178555178683146,0.684783314639362,-0.120617791533458,0.797704273063046,-0.586585527582436,"HR",0,1,125.0991541,-5.757310797,74.72783263,282.2775471,0.323189523919478,-0.258427977572511,-0.606685375047993,0.0825251620919,0.421325671974577,-4.60363975184807,0.814795506254324,0.733279660314611,-0.115772299242418,-1.66739000748567,-0.789772368956012,-0.664716210381319
"46","firefly_NE",5,2,3,4,3,10,4,13,44,"firefly","98T",NA,NA,544.7960237,1.798839211,148.0907709,129.7566023,851.7846151,0.24696,379.3830409,443.4468332,1.711229445745,0.0630735018223394,0.0082190437612565,-0.0824797271796,1.98092220501226,-0.120617791533458,-0.0866002403986579,-0.421498321581905,"HR",0,1,306.9885914,-1.551879211,313.6902309,231.29227,1.56825147840071,-0.124180803724787,-0.444896894065099,-0.0910253446496433,0.644772498625489,-2.86471694407262,1.77295319587936,1.35717345528074,0.0165829621774353,-1.06348912025947,-0.479499240998793,-0.150579393960204
"47","firefly_NE",6,2,3,5,2,9,3,8,38,"firefly","25",NA,NA,409.2544894,1.222243614,402.9240772,528.7416212,548.040519,0.24696,732.3030409,730.2940574,1.01031077425134,-0.0868910318227398,1.82719652708493,1.14192092868798,0.880702957598322,-0.120617791533458,0.86191366610247,-0.246285158841922,"HR",0,1,138.7860296,-0.975283614,201.5524362,329.3789637,0.416878350570059,-0.105774528942437,-0.520819313645043,0.242855264900629,0.421284319076083,-2.30718257436892,0.465914594536056,0.861932768672956,-0.11579679399033,-0.869866091670943,-0.902747897864783,-0.558696083097265
"48","firefly_NE",9,2,7,10,6,13,5,18,70,"firefly","60",NA,NA,1004.6648,3.575558201,87.24900104,162.4826115,1368.685774,0.24696,186.6793137,616.9259194,4.08932420031803,0.525173518090251,-0.426064100101484,0.0179494749966636,3.85323712844412,-0.120617791533458,-0.604514116301978,-0.315533135943047,"HR",0,1,364.020974,-3.328598201,454.4433079,99.43031266,1.95864715394266,-0.180897813204414,-0.349600618641179,-0.539874714859083,0.446077031704146,-3.85581919373374,1.9248119280042,1.09735155021065,-0.101111215276245,-1.40768354063625,-0.430323949359238,-0.364692770607033
"49","firefly_NE",4,1,3,4,2,8,4,11,37,"firefly","44",NA,NA,535.1852747,0.87824466,331.9545525,238.031545,714.8866201,0.24696,600.037389,323.1048721,1.66152989456367,-0.176360398185253,1.32062236962565,0.249793176753998,1.48505146722584,-0.120617791533458,0.506434208492849,-0.495006077055117,"HR",0,1,179.7013454,-0.63128466,85.0733271,268.0828365,0.696950155807123,-0.0947932808976917,-0.599681001776567,0.034207307256125,0.417676029214451,-1.83034551137521,0.440849726600607,0.85406666201898,-0.117934108514205,-0.704267984545866,-0.910864468926494,-0.565178364320985
"50","firefly_NE",5,1,3,5,3,7,3,11,38,"firefly","121T",NA,NA,NA,NA,NA,NA,NA,NA,NA,NA,NA,NA,NA,NA,NA,NA,NA,NA,"HR",0,1,NA,NA,NA,NA,NA,NA,NA,NA,NA,NA,NA,NA,NA,NA,NA,NA
"51","firefly_NE",5,1,3,4,5,10,3,12,43,"firefly","112T",NA,NA,565.5590868,1.419424862,161.7912752,320.148005,848.3795998,0.24696,871.3881102,3691.479931,1.81860036108361,-0.0356069185660187,0.106012025352686,0.501791228607478,1.96858858793492,-0.120617791533458,1.23572110806587,1.5624781778835,"HR",0,1,282.820513,-1.172464862,3371.331926,709.596835,1.40281716085357,-0.112069013762471,1.62526648235552,1.53709171882599,0.585032172441203,-2.52295718808613,3.5273883902615,2.42918161759181,-0.0188032932818173,-0.944801264228375,0.0886265502498361,0.732838373927664
"52","starfish_preterm",5,1,4,4,2,8,3,9,36,"starfish","S1",67.92,-0.245642873650935,148.1527216,0.088434631,831.4369056,1453.766771,NA,0.24696,1105.986199,1707.268793,-0.339910802892354,-0.381779054316946,4.88588299743717,3.98062751278907,NA,-0.120617791533458,1.86623099604441,0.350474436161803,"HR",0,1,NA,0.158525369,253.502022,274.5492934,NA,-0.0695807047086472,-0.485647066316088,0.0562186983017438,NA,1.48159404333486,0.231894379594824,0.41165469061893,NA,0.445917191349076,-0.978528935663949,-0.929760099798193
"53","starfish_preterm",5,1,3,6,2,9,4,13,43,"starfish","S2",72.9996,-0.119663259652352,309.8532746,0.283738145,132.5665886,277.8682474,585.3577206,0.697831146,550.7435754,3086.716357,0.496282599918713,-0.330983313682362,-0.102591189252276,0.37204359277372,1.01587300365719,-0.106130691123582,0.373951301023524,1.19307408549251,"HR",0,1,275.504446,0.414093001,2808.8481096,418.1769868,1.35273752559079,-0.0614223904854004,1.2444391936622,0.545117854871965,0.917733330962381,1.29831787443504,3.47360002841424,2.05466354868645,0.17826707675102,0.38226822400497,0.0712086622980373,0.424206473445888
"54","starfish_preterm",4,1,3,4,2,8,3,8,33,"starfish","S3",72,-0.144454428672153,135.3550879,0.24696,274.5413619,195.9059449,230.2264804,0.24696,684.5763417,1946.631741,-0.406090520110344,-0.340548800120262,0.910812119688282,0.120518617690459,-0.270480314293019,-0.120617791533458,0.733642562445561,0.496683064391736,"HR",0,1,94.8713925,0,1750.7257961,410.0349798,0.116275716850986,-0.074641203812298,0.528041956964549,0.517403002249477,0.766304661795442,0,3.31274690142385,1.31818791565185,0.0885706536939025,-0.0686174120722067,0.0191207821991569,-0.182706498594
"55","starfish_preterm",5,1,3,6,5,9,4,8,41,"starfish","S4",78,0.00435210806134856,155.9328209,0.133708096,101.8474506,186.2430364,278.5833647,0.267416192,555.5807716,1802.159332,-0.299677992384434,-0.370004052737769,-0.32186166507984,0.0908651947684476,-0.095322424691395,-0.119960506386389,0.38695183333729,0.40843585272653,"HR",0,1,122.6505438,0.133708096,1615.9162956,453.733321,0.306428399298192,-0.0703729298809574,0.436769754869748,0.666149261765734,0.83718449163085,1,3.27446817839684,2.44758680130208,0.13055522133297,0.278667058823166,0.00672526603683707,0.748005671045854
"56","starfish_preterm",7,1,3,5,4,11,3,10,44,"starfish","S5",69.996,-0.194155811941143,254.5164327,0.24696,419.391415,303.7830495,394.7854703,0.24696,953.8759594,5672.632635,0.21012215537664,-0.340548800120262,1.94473892020218,0.451570640619773,0.325583840854771,-0.120617791533458,1.45741688071567,2.77261375478098,"HR",0,1,140.2690376,0,5368.8495855,534.4845444,0.427029774789079,-0.074641203812298,2.97767736459758,0.941021078458667,0.633310087722834,0,4.2229051591157,1.18550434295638,0.00979338089645865,-0.0686174120722067,0.313850608623299,-0.292048040708122
"57","starfish_preterm",8,3,3,9,4,13,4,10,54,"starfish","S6",69.996,-0.194155811941143,231.3633109,0.24696,682.6637811,215.0167646,383.4280662,0.09029966,2133.779297,6803.39636,0.0903916575864367,-0.340548800120262,3.82395366206752,0.179165682282906,0.284445149594863,-0.125651500379012,4.62854553321679,3.46331135215691,"HR",0,1,152.0647553,-0.15666034,6588.3795954,1451.1155159,0.507773327312406,-0.0796421668452093,3.80335499941878,4.06117220143487,0.728795840301753,-1.45148492733148,4.98373408720639,1.64416384526407,0.0663528851591819,-0.572695587073129,0.5602242211457,0.0859229188372737
"58","starfish_preterm",5,1,3,10,4,7,3,8,41,"starfish","S7",75.996,-0.0453492752076409,NA,NA,NA,NA,NA,NA,NA,NA,NA,NA,NA,NA,NA,NA,NA,NA,"HR",0,1,NA,NA,NA,NA,NA,NA,NA,NA,NA,NA,NA,NA,NA,NA,NA,NA
"59","starfish_preterm",5,1,3,7,4,9,3,8,40,"starfish","S8",75.996,-0.0453492752076409,213.9604251,0.24696,224.374509,159.0356072,319.1925294,0.24696,854.5126459,1599.617929,0.0003970470186276,-0.340548800120262,0.552725583986842,0.00737134768417872,0.0517717417401831,-0.120617791533458,1.19036631783802,0.28471870711218,"HR",0,1,105.2321043,0,1440.5823218,630.1381369,0.187196427118776,-0.074641203812298,0.31806062953805,1.26661957265659,0.577082910965976,0,3.33030563821916,1.92919306056672,-0.0235119149991983,-0.0686174120722067,0.0248066982518576,0.320809071777249
"60","starfish_preterm",4,1,3,5,2,12,3,10,40,"starfish","S9",71.0004,-0.169245597691955,181.8768375,0.000990219,110.0764908,142.3194765,318.0812075,0.24696,383.4963324,956.3684516,-0.165515089902951,-0.404522135488009,-0.263123507770278,-0.0439269227347865,0.0477463211306905,-0.120617791533458,-0.0755452868985931,-0.10819349791412,"HR",0,1,136.20437,0.245969781,814.0489751,273.4198416,0.399206482455586,-0.0667892753536065,-0.106131122727468,0.0523741191726421,0.806433315153542,7.96231404119905,2.74843343063786,1.80070639718389,0.112340238991865,2.6965706068284,-0.163616681190283,0.214926108046527
"61","starfish_preterm",9,1,3,6,2,14,3,13,51,"starfish","S10",66,-0.293260965405655,282.3917796,0.127145944,212.2276617,296.0148894,525.6386772,0.108359592,1033.900076,2109.839552,0.354272442721977,-0.371710777640818,0.466022467926887,0.427731799884481,0.799559199275633,-0.125071210310329,1.67249108294441,0.5963743088475,"HR",0,1,243.2468976,-0.018786352,1813.8246626,821.6724143,1.13192950697323,-0.0752409079357236,0.570762777632087,1.91858956854282,0.896373342511247,-0.230658573718636,2.83339164014215,2.28441214519327,0.165614818951039,-0.148721552803565,-0.136105291683137,0.613537114234917
"62","starfish_preterm",6,3,7,8,6,11,3,12,56,"starfish","S11",66,-0.293260965405655,274.0080552,0.383327073,233.9938801,217.8729997,437.5720669,0.999885987,756.8214912,3017.480933,0.310918138087866,-0.30508161200195,0.621387799647286,0.187930863841336,0.480565082350763,-0.0964252600937245,0.927809877922165,1.15078342834386,"HR",0,1,163.5640117,0.616558914,2799.6079333,522.8276111,0.58648755536761,-0.0549592068465954,1.23818317138248,0.901341649487448,0.675302338676097,1.38318770546851,3.79178533075171,1.693482259067,0.0346668393197919,0.411742198370411,0.174244258729866,0.12656511221725
"63","starfish_preterm",6,1,3,10,2,11,4,8,45,"starfish","S12",69.996,-0.194155811941143,323.2654395,0.051171176,405.4567423,215.4961702,469.2127687,0.011462563,552.2680013,1367.061407,0.565640209393271,-0.39147076316827,1.8452744653913,0.180636876696884,0.595173759750649,-0.128184643052688,0.378048374483743,0.142667607091702,"CP",1,1,145.9473292,-0.039708613,1151.5652368,146.811259,0.465898578511583,-0.0759087952505726,0.12238283462648,-0.378593111327288,0.537522997675275,-2.15840172618142,2.66534391372019,0.445820536090903,-0.0469446159411435,-0.818196813528781,-0.190522945778721,-0.901604796502943
"64","starfish_preterm",4,1,3,5,2,7,3,13,38,"starfish","S13",66,-0.293260965405655,330.7163182,0.010898188,185.727016,186.6503297,531.5392913,0.102342351,645.5879408,1326.400145,0.604170539058164,-0.401945209895469,0.276863215073611,0.0921150917821885,0.820932352820796,-0.125264552411128,0.628856660694765,0.117830733261431,"HR",0,1,200.8229731,0.091444163,1139.7498153,459.8609248,0.841531036678247,-0.0717220930868999,0.114383253476906,0.687007219299546,0.684582106762369,3.23124309163997,2.82910610752047,1.79742994406937,0.0401635659879798,1.05354313534231,-0.137493044060319,0.212226056872688
"65","starfish_preterm",5,1,3,4,2,8,3,8,34,"starfish","S14",66,-0.293260965405655,387.2167203,0.041302061,379.5900093,313.514455,332.7842272,0.24696,495.9106399,1076.9425,0.896348040097339,-0.39403758337322,1.6606400250299,0.481434266350792,0.101003472386465,-0.120617791533458,0.226581353567926,-0.034543977952937,"HR",0,1,-54.4324931,0.205657939,763.428045,116.3206306,-0.905732984567868,-0.0680761232669364,-0.1404038093347,-0.482381191154908,-0.218554194143206,2.57999170808093,1.78033735667459,0.38563815756507,-0.494795211434551,0.82737364318313,-0.477108082745736,-0.951199738381796
"66","starfish_preterm",5,1,3,4,3,10,3,18,47,"starfish","S15",66,-0.293260965405655,517.0584099,0.104378131,203.1961129,367.5746818,470.603932,0.011462563,427.1569309,1346.621887,1.56779141019739,-0.377632370654063,0.401556075580987,0.647333671127341,0.60021281946772,-0.128184643052688,0.0417976940699332,0.130182658164359,"HR",0,1,-46.4544779,-0.092915568,979.0472052,223.960818,-0.851122209224109,-0.0776072852133083,0.00558023105038816,-0.115981121731245,-0.135813890249533,-3.18681790610583,1.87323551495645,1.07189338733156,-0.445785275979465,-1.17534978243407,-0.447025558268103,-0.385672268912987
"67","starfish_preterm",4,1,3,4,2,9,3,8,34,"starfish","S16",68.004,-0.243559582136666,236.57778,0.24696,260.6321524,294.0013059,348.0070682,0.24696,898.8038496,2697.647824,0.117356962155198,-0.340548800120262,0.81152941893508,0.421552537904066,0.1561435158756,-0.120617791533458,1.30940412426759,0.955421696212262,"HR",0,1,111.4292882,0,2403.6465181,638.1716972,0.229617130670063,-0.074641203812298,0.970099170063319,1.29396527989418,0.556802029866716,0,3.1978075493943,1.78599123335986,-0.0355249802995672,-0.0686174120722067,-0.0180991792599436,0.202799673158657
"68","starfish_preterm",4,1,3,6,4,9,3,10,40,"starfish","S18",66,-0.293260965405655,240.0610708,0.140298163,243.5769582,370.9228604,429.0685737,0.215278864,911.0026118,2119.143453,0.135369917169845,-0.368290067529615,0.689790959100514,0.657608523263655,0.449763802559588,-0.121635749330054,1.34218972890547,0.602057354672943,"HR",0,1,189.0075029,0.074980701,1748.2205926,667.4256536,0.760652275169611,-0.0722476451497624,0.526345819531412,1.39354381013257,0.837806767821999,0.617710564095116,2.51429016197316,1.90307752598462,0.130923816981381,0.145903874346048,-0.239437566567882,0.29928784826531
"69","starfish_preterm",4,1,3,4,2,10,3,10,37,"starfish","S21",69,-0.218857697038904,525.7688172,0.24696,246.5562516,826.7856222,513.7129386,0.001980438,569.8318056,3092.749576,1.61283507260254,-0.340548800120262,0.711056890502883,2.05655494504252,0.756361891687381,-0.128489316567932,0.425253159221401,1.19675932032593,"HR",0,1,-12.0558785999999,-0.244979562,2265.9639538,323.275554,-0.615658358702455,-0.0824615221735425,0.876881772275245,0.22207966248096,-0.033466169261299,-6.96231404119905,1.90330481561097,1.20861931523288,-0.385161191179697,-2.48652096007744,-0.437288438720259,-0.272999512971849
"70","starfish_preterm",8,3,3,9,2,11,4,10,50,"starfish","S22",67.92,-0.245642873650935,546.0867378,0.24696,331.3486028,238.1767892,784.1206291,0.737893546,813.7835739,2980.898371,1.7179040463899,-0.340548800120262,1.31629715454161,0.250238900491274,1.7358302980096,-0.104843431966261,1.08090215828094,1.12843792227515,"HR",0,1,238.0338913,0.490933546,2742.7215818,482.4349711,1.0962456546894,-0.0589694612694052,1.19966850771793,0.763847777935483,0.521945495475906,1.57913530933694,3.64564245809464,1.29629532411663,-0.0561717077140191,0.479791758303075,0.126919891646087,-0.200747689908841
"71","starfish_preterm",5,1,5,4,2,9,4,11,41,"starfish","S23",69,-0.218857697038904,97.25183429,0.24696,130.2201116,259.4186829,210.5827286,0.24696,431.555022,1637.780358,-0.603131833223967,-0.340548800120262,-0.119340133454696,0.315425780564754,-0.341633742785228,-0.120617791533458,0.0536180799092419,0.308029233827502,"HR",0,1,113.33089431,0,1378.3616751,301.3349104,0.242633925131112,-0.074641203812298,0.275934403871398,0.147395164688643,1.11458974896482,0,2.65838760182753,1.72859223048773,0.294871922106886,-0.0686174120722067,-0.192775556881627,0.155498448430139
"72","starfish_preterm",8,1,3,6,2,13,9,21,63,"starfish","S25",74.04,-0.0938602061827629,371.5277804,0.24696,154.3823219,221.0638179,1673.665161,0.24696,568.1214994,1272.726253,0.815216666097156,-0.340548800120262,0.0531275754219883,0.197722810184598,4.95793083591106,-0.120617791533458,0.42065651064644,0.0850454330023378,"HR",0,1,1302.1373806,0,1051.6624351,413.7391775,8.3802022704492,-0.074641203812298,0.0547440653054763,0.530011845909285,2.17146893126314,0,2.52538732763796,1.87969193875797,0.920897910297948,-0.0686174120722067,-0.235844053371088,0.280016312847172
"73","serenity_cp",4,2,3,4,4,8,8,10,43,"serenity","TUH06",165,2.16204689069713,117.27,0.11,61.7,8.74,190.47,0.12,164.49,314.16,-0.499612965832829,-0.376170200344083,-0.608430597981722,-0.453854090145653,-0.414485895001045,-0.124697188239934,-0.664150500242151,-0.500469819419424,"CP",1,1,73.2,0.01,305.42,102.79,-0.0320683909922686,-0.0743219805147543,-0.450496218914429,-0.52843856164947,0.699729793296836,0.125530882083859,5.1677224131658,1.41465748498118,0.0491360631195126,-0.0250224861066844,0.619803801856865,-0.103208100538628
"74","serenity_cp",4,2,3,4,4,7,6,13,43,"serenity","TUH09",97,0.475572807717438,153.79,0.21,23.33,4.48,187.87,0.82,65.89,8.1,-0.310759047252475,-0.350161584526457,-0.882312246532656,-0.466927129349922,-0.423903592595847,-0.102205240425397,-0.929149568532448,-0.687418606313766,"CP",1,1,34.08,0.61,3.62,42.56,-0.299850975744407,-0.0551685826621339,-0.654828632357433,-0.733457492909592,0.288773011621686,1.96523458183932,0.854423175714383,1.49787321944188,-0.194287811303427,0.613878039867152,-0.776940033433204,-0.0346318891113335
"75","serenity_cp",8,3,8,8,6,12,5,15,65,"serenity","TUH10",49,-0.714879486150578,NA,NA,NA,NA,NA,NA,NA,NA,NA,NA,NA,NA,NA,NA,NA,NA,"CP",1,1,NA,NA,NA,NA,NA,NA,NA,NA,NA,NA,NA,NA,NA,NA,NA,NA
"76","serenity_cp",11,3,9,12,6,17,9,13,80,"serenity","TUH11",99,0.525174986628606,88.67,0.03,29.28,3.41,96.2,0.38,158.41,189.18,-0.647510612913829,-0.396977092998184,-0.839841675542871,-0.470210733093718,-0.755949876640265,-0.116343036194535,-0.680491213580945,-0.576810600266496,"CP",1,1,7.53,0.35,185.77,129.13,-0.481589923218059,-0.0634683883982694,-0.531504745317529,-0.438778946019525,0.117590818466434,3.66296501272243,5.79384402638032,2.43567595304045,-0.295684927857172,1.20347345427936,0.82255613951197,0.738190209415176
"77","serenity_cp",6,3,5,6,4,14,7,18,63,"serenity","TUH12",99,0.525174986628606,NA,NA,NA,NA,NA,NA,NA,NA,NA,NA,NA,NA,NA,NA,NA,NA,"CP",1,1,NA,NA,NA,NA,NA,NA,NA,NA,NA,NA,NA,NA,NA,NA,NA,NA
"78","serenity_cp",8,1,5,6,5,10,7,13,55,"serenity","TUH13",138,1.49241747539637,NA,NA,NA,NA,NA,NA,NA,NA,NA,NA,NA,NA,NA,NA,NA,NA,"CP",1,1,NA,NA,NA,NA,NA,NA,NA,NA,NA,NA,NA,NA,NA,NA,NA,NA
"79","serenity_cp",6,1,5,8,6,12,7,9,54,"serenity","TUH15",161,2.06284253287479,NA,NA,NA,NA,NA,NA,NA,NA,NA,NA,NA,NA,NA,NA,NA,NA,"CP",1,1,NA,NA,NA,NA,NA,NA,NA,NA,NA,NA,NA,NA,NA,NA,NA,NA
"80","serenity_cp",5,3,4,6,4,9,3,14,48,"serenity","TUH16",198,2.98048284273139,436.16,0.1,204.07,12.3,552.55,0.37,396.85,278.75,1.14944579912032,-0.378771061925845,0.407793804004114,-0.442929202923306,0.897037160816593,-0.116664349734742,-0.0396557384984074,-0.522099096502116,"CP",1,1,116.39,0.27,266.45,192.78,0.263573987214399,-0.0660221747786188,-0.47688069257869,-0.222118561249365,0.341247551978128,1.88752527074159,4.50224158435579,0.959529695783522,-0.163205331364635,0.586890802878931,0.404306060111194,-0.478268654900396
"81","serenity_cp",9,3,5,6,3,9,9,8,52,"serenity","TUH17",24,-1.33490672254017,35.11,0.15,139.41,10.53,34.29,0.24696,298.03,468.25,-0.924482570174611,-0.365766754017032,-0.0537435271218547,-0.448360958649023,-0.980199745138028,-0.120617791533458,-0.305246082600305,-0.406347952554924,"CP",1,1,-0.82,0.09696,457.72,158.62,-0.538746993327475,-0.0715460147193145,-0.347382148114663,-0.338396938998755,-0.0340940919451214,0.719314887344519,5.47470165299205,1.09612351045067,-0.385533131440449,0.181189477986399,0.719210621830408,-0.365704770498253
"82","serenity_cp",6,3,3,6,6,11,9,18,62,"serenity","TUH18",90,0.301965181528353,89.07,0.15,27.09,7.74,113.54,0.53,143.48,172.86,-0.645442114353255,-0.365766754017032,-0.855473700831548,-0.456922878691256,-0.693141078065701,-0.11152333309142,-0.720617340250053,-0.586779247597463,"CP",1,1,24.47,0.38,165.12,116.39,-0.365632945055962,-0.0625107185056384,-0.545485740471929,-0.482145062311306,0.350189147567066,1.82102985895468,4.48112668973662,2.40501735175551,-0.157908915929149,0.563797978979545,0.397468579735139,0.712925147015539
"83","serenity_cp",7,2,3,4,6,8,5,11,46,"serenity","TUH19",85,0.177959734250434,NA,NA,NA,NA,NA,NA,NA,NA,NA,NA,NA,NA,NA,NA,NA,NA,"CP",1,1,NA,NA,NA,NA,NA,NA,NA,NA,NA,NA,NA,NA,NA,NA,NA,NA
"84","serenity_cp",4,1,3,4,2,9,3,12,38,"serenity","TUH20",184,2.63326759035322,103.76,0.15,37.9,2.97,215.29,0.15,132.37,70.49,-0.569476504716196,-0.365766754017032,-0.778312881940863,-0.471561000053783,-0.324583104884513,-0.123733247619311,-0.750476768735907,-0.649309298288092,"CP",1,1,111.53,0,67.52,94.47,0.23030651886329,-0.074641203812298,-0.611565407642364,-0.556759290656348,1.05303092465212,0,4.56888376926362,1.80430643694891,0.258408507491761,-0.0686174120722067,0.4258863066501,0.217892819686734
"85","serenity_cp",4,3,4,4,3,8,4,12,42,"serenity","TUH22",187,2.70767085871997,88.43,0.11,35.03,5.75,125,0.26,151.39,131.94,-0.648751712050173,-0.376170200344083,-0.79879868677123,-0.463029767897006,-0.651630764820921,-0.120198798677027,-0.69935828720567,-0.611774164802313,"CP",1,1,36.57,0.15,126.19,116.36,-0.282806532083036,-0.0698528543491429,-0.571843132305382,-0.482247180324552,0.499320300827113,1.2410080995038,4.52017624374439,2.1116070186306,-0.0695733907779473,0.362365429140841,0.410113708400825,0.471132303754305
"86","serenity_cp",4,1,3,4,5,11,4,9,41,"serenity","TUH23",139,1.51721856485195,NA,NA,NA,NA,NA,NA,NA,NA,NA,NA,NA,NA,NA,NA,NA,NA,"CP",1,1,NA,NA,NA,NA,NA,NA,NA,NA,NA,NA,NA,NA,NA,NA,NA,NA
"87","serenity_cp",6,3,6,4,5,11,3,13,51,"serenity","TUH24",88,0.252363002617185,191.3,1.49,46.27,4.75,218.62,1.63,138.53,192.87,-0.116785594734702,-0.0172513020608391,-0.718568566111535,-0.466098556442609,-0.312521207580402,-0.0761788436685746,-0.733921046011077,-0.574556659785414,"CP",1,1,27.32,0.14,188.12,92.26,-0.346124244479694,-0.0701720776466866,-0.529913687757585,-0.564281984298799,0.192588515344812,0.129559633768916,5.34355743290055,1.58204943553982,-0.251261205555972,-0.0236233632093704,0.676743157631249,0.0347358335878779
"88","serenity_cp",5,1,6,5,4,8,3,10,42,"serenity","TUH25",63,-0.367664233772406,NA,NA,NA,NA,NA,NA,NA,NA,NA,NA,NA,NA,NA,NA,NA,NA,"CP",1,1,NA,NA,NA,NA,NA,NA,NA,NA,NA,NA,NA,NA,NA,NA,NA,NA
"89","serenity_cp",6,3,6,9,3,8,8,11,54,"serenity","TUH26",181,2.55886432198647,71.34,0.32,20.19,5.16,113.17,1.37,134.85,238.55,-0.737128313050673,-0.321552107127067,-0.904725287357518,-0.464840353138912,-0.694481288877269,-0.0845329957139743,-0.743811477768768,-0.546654220442365,"CP",1,1,41.83,1.05,233.39,114.66,-0.246801000493152,-0.0411227575702123,-0.499263825741134,-0.488033867741822,0.665708446904948,2.09803208296053,5.53077681044841,2.73964270579149,0.02898404635989,0.659996549780257,0.737369025914696,0.988682360191846
"90","serenity_cp",4,1,3,5,2,7,3,9,34,"serenity","TUH27",154,1.88923490668571,57.6,0.12,59.1,76.24,78.78,0.16,209.43,521.71,-0.80818123860637,-0.37356933876232,-0.626989166817595,-0.24671086331744,-0.819048450525437,-0.123411934079104,-0.543368977636006,-0.373693302658265,"CP",1,1,21.18,0.04,445.47,150.33,-0.388153515194882,-0.0733643106221233,-0.355675958799476,-0.366615549992386,0.451760605284368,0.415037499278844,2.77462806246911,1.82523808178277,-0.0977446386356891,0.0755186662665853,-0.155134267030301,0.235142116480782
"91","serenity_cp",8,2,5,6,5,11,4,11,52,"serenity","TUH28",7,-1.75652524328509,NA,NA,NA,NA,NA,NA,NA,NA,NA,NA,NA,NA,NA,NA,NA,NA,"CP",1,1,NA,NA,NA,NA,NA,NA,NA,NA,NA,NA,NA,NA,NA,NA,NA,NA
"92","champion_NE",5.33333333333333,3,3,8,3.33333333333333,8,3,8,41.6666666666667,"champion","NE4",60,-0.442067502139157,52.27,0.68,119.33,85.31,110.47,1.2,135.41,123.06,-0.835743981926011,-0.227921090183613,-0.197072781823516,-0.218876951208819,-0.704261205610333,-0.0899953258975049,-0.742306412066511,-0.617198281732398,"HR",0,1,58.2,0.52,37.75,16.08,-0.134745762446309,-0.058041592340027,-0.631721060220887,-0.823593659268018,1.07959957011559,0.819427754358179,0.528575129016276,0.18237749811093,0.274146032470727,0.215957122037057,-0.882456999776538,-1.11870226717531
"93","champion_NE",8,2,3,9,3.33333333333333,10,3,17,55.3333333333333,"champion","NE5",64.8,-0.323022272752356,99.72,0.24,61.06,8.73,93.47,1.76,216.67,274.58,-0.590368340177988,-0.342358999781169,-0.612998861079783,-0.453884778031109,-0.765838459114807,-0.0720017676458747,-0.523910628199681,-0.524646232492933,"HR",0,1,-6.25,1.52,265.85,155.61,-0.575916201793838,-0.0261192625856597,-0.477286920040803,-0.348642779661099,-0.0933794889111104,2.87446911791614,4.97510108146464,1.8271999179002,-0.420649916634593,0.929641074648389,0.557428658657218,0.236758821413406
"94","champion_NE",4,1,3,4,3.33333333333333,11,3,10,39.3333333333333,"champion","NE7",60,-0.442067502139157,103.9,0.75,824.21,165.68,76.57,1.79,142.94,221.81,-0.568752530219996,-0.209715059111274,4.83429798780334,0.0277615842013069,-0.827053493481019,-0.0710378270252517,-0.722068653605801,-0.556879413844349,"HR",0,1,-27.33,1.04,56.13,-681.27,-0.720212134477249,-0.041441980867756,-0.619276958964815,-3.19732687717016,-0.440344491820021,1.25499708676838,0.420924950224387,-2.52760227431264,-0.626169253614452,0.367223587181383,-0.917316562101801,-3.35193552578646
"95","champion_NE",3.33333333333333,1,3,3,1.33333333333333,7,2,14,34.6666666666667,"champion","NE8",66,-0.293260965405655,71.08,0.37,102.65,54.01,136.7,1.27,225.54,249.59,-0.738472837115045,-0.308547799218254,-0.316133138816729,-0.314930032686198,-0.609251125644313,-0.0877461311160511,-0.500071462522856,-0.539910723718476,"HR",0,1,65.62,0.9,195.58,122.89,-0.083954689367044,-0.0459111070333674,-0.524862926311976,-0.460019492774683,0.943497656464744,1.77923132114322,2.20826167935765,1.13564969376821,0.193528175278496,0.54928199589149,-0.338536509855886,-0.333132133584526
"96","champion_NE",4,1,3,5,2,7,3,12,37,"champion","NE9",60,-0.442067502139157,NA,NA,NA,NA,NA,NA,NA,NA,NA,NA,NA,NA,NA,NA,NA,NA,"HR",0,1,NA,NA,NA,NA,NA,NA,NA,NA,NA,NA,NA,NA,NA,NA,NA,NA
"97","champion_NE",4.66666666666667,1,3,6,4.66666666666667,11,3,12,45.3333333333333,"champion","NE11",60,-0.442067502139157,77,0.32,60.2,22.62,63.77,1.82,253.33,307.69,-0.707859058418558,-0.321552107127067,-0.619137464617802,-0.411259305132681,-0.873417543178505,-0.0700738864046286,-0.425382577048339,-0.504421850561052,"HR",0,1,-13.23,1.5,285.07,193.13,-0.623695405310451,-0.026757709180747,-0.464274100337773,-0.220927184428162,-0.27198056460997,2.5077946401987,3.76580672205252,2.07318254278308,-0.526441493173383,0.802300722663449,0.165831797745257,0.439467559138649
"98","champion_NE",8,1,3,10,2.66666666666667,11,5,11,51.6666666666667,"champion","NE12",60,-0.442067502139157,103.36,0.23,114.11,36.45,75.22,1.27,167.46,162.21,-0.57154500327677,-0.344959861362931,-0.234332677717076,-0.368817959546989,-0.831943451847551,-0.0877461311160511,-0.656168276785537,-0.593284522969693,"HR",0,1,-28.14,1.04,125.76,53.35,-0.725756712535768,-0.041441980867756,-0.572134261986563,-0.696729047478798,-0.458489763653619,2.46512273071515,2.15387204258886,0.553391302868503,-0.636917323896167,0.787481431156362,-0.356149104224683,-0.812958151805961
"99","champion_NE",4.66666666666667,2,3,5,2,9,4,11,40.6666666666667,"champion","NE13",60,-0.442067502139157,86.65,0.38,142.08,51.88,118.61,1.6,486.54,424.71,-0.657956530644725,-0.305946937636492,-0.0346853045096317,-0.321466552288333,-0.674776567755838,-0.0771427842891976,0.201396659422045,-0.43294322858374,"HR",0,1,31.96,1.22,372.83,344.46,-0.314362710909911,-0.0356959615119699,-0.404856563545997,0.294190113722165,0.452953994021788,2.07400058144378,3.03322769332746,1.7758549316269,-0.097037753330204,0.651650782491191,-0.0713938585111143,0.194446575331249
"100","champion_NE",6,1,3,9,3.33333333333333,12,5,11,50.3333333333333,"champion","NE14",68.4,-0.233738350712254,NA,NA,NA,NA,NA,NA,NA,NA,NA,NA,NA,NA,NA,NA,NA,NA,"HR",0,1,NA,NA,NA,NA,NA,NA,NA,NA,NA,NA,NA,NA,NA,NA,NA,NA
"101","champion_NE",6,1,3,6,2.66666666666667,6,3,12,39.6666666666667,"champion","NE15",66,-0.293260965405655,NA,NA,NA,NA,NA,NA,NA,NA,NA,NA,NA,NA,NA,NA,NA,NA,"HR",0,1,NA,NA,NA,NA,NA,NA,NA,NA,NA,NA,NA,NA,NA,NA,NA,NA
"102","champion_NE",8,1,6,10,4,10,4,14,57,"champion","NE17",58.8,-0.471828809485858,104.93,0.53,136.74,68.8,50.74,0.41,57.42,12.5,-0.563426146426519,-0.266934013910052,-0.0728017497340776,-0.269542650096727,-0.920614696893993,-0.115379095573912,-0.951913687279089,-0.684730980807868,"HR",0,1,-54.19,-0.12,-56.3,-79.32,-0.904073080960952,-0.0784718833828221,-0.695397214907151,-1.14832894139014,-1.04823178594152,-0.370368449945116,-2.46048047004001,-1.25181009477927,-0.986241862087678,-0.197240623247736,-1.85038079812352,-2.30058394176268
"103","champion_NE",4,1,3,4,2,7,3,10,34,"champion","NE18",63.6,-0.352783580099056,57.86,0.16,22.35,3.02,79.28,0.87,56.57,38.23,-0.806836714541997,-0.36316589243527,-0.889307399401562,-0.471407560626503,-0.817237354834129,-0.100598672724358,-0.954198162005729,-0.669014479838152,"HR",0,1,21.42,0.71,35.21,34.22,-0.386510677251617,-0.0519763496866972,-0.633440756477166,-0.761846300591966,0.454390639256888,2.44294349584873,3.66208474550957,1.33976233957309,-0.0961867788119741,0.779778927310911,0.13224427614171,-0.164927502039644
"104","champion_NE",4,2,3,4,2,8,3,10,36,"champion","NE19",63.6,-0.352783580099056,NA,NA,NA,NA,NA,NA,NA,NA,NA,NA,NA,NA,NA,NA,NA,NA,"HR",0,1,NA,NA,NA,NA,NA,NA,NA,NA,NA,NA,NA,NA,NA,NA,NA,NA
"105","champion_NE",4,1,3,5,2,9,3,10,37,"champion","NE23",60,-0.442067502139157,107.93,0.38,212.8,50.42,63.34,3.7,293.14,878.34,-0.547912407222218,-0.305946937636492,0.470107767826101,-0.325946983564913,-0.87497508547303,-0.00966694084558452,-0.318388531321801,-0.155855147165456,"HR",0,1,-44.59,3.32,827.92,80.34,-0.838359563230366,0.0313409309722015,-0.0967398039907388,-0.604856874895191,-0.76890715662468,3.28345394707273,4.12271148292504,0.462091691511922,-0.820788251095062,1.07167515464627,0.281405630463833,-0.888196104005672
"106","champion_NE",6,1,3,7,3.33333333333333,9,6,18,53.3333333333333,"champion","NE25",60,-0.442067502139157,103.5,1.48,156.5,570.05,79.2,0.59,106.54,7.42,-0.570821028780569,-0.0198521636426017,0.0682433734185536,1.26868760838686,-0.817527130144739,-0.109595451850173,-0.819897924252523,-0.687833966619223,"HR",0,1,-24.3,-0.89,-562.63,-49.96,-0.699471305443533,-0.103052077293685,-1.03820579972689,-1.04838944576011,-0.386058432307077,-1.32681031626711,-6.26352546885238,-0.554767471146193,-0.594013748405535,-0.529398030735552,-3.08189277190453,-1.72616682411208
"107","champion_NE",4,2,3,5,2.66666666666667,8,3,12,39.6666666666667,"champion","NE26",60,-0.442067502139157,71.7,0.51,118.85,58.42,56.28,1.23,162.15,131.8,-0.735266664346156,-0.272135737073577,-0.200498979147062,-0.301396675200088,-0.9005477566343,-0.0890313852768818,-0.670439524783726,-0.611859680159319,"HR",0,1,-15.42,0.72,73.38,43.3,-0.638686301542741,-0.0516571263891535,-0.607597919429057,-0.730938581916192,-0.349350790352734,1.27008916336774,1.17381610706624,0.448187120513372,-0.57227054614219,0.372464831017907,-0.673513379416842,-0.899654547613505
"108","champion_NE",6,1,5,6,4,11,4,13,50,"champion","NE29",58.8,-0.471828809485858,74.84,0.23,84.92,7.39,84.61,0.45,107.24,44.2,-0.719028950645655,-0.344959861362931,-0.442688302455199,-0.457996954682217,-0.797931074764785,-0.114093841413081,-0.818016592124702,-0.665367860685831,"HR",0,1,9.77,0.22,36.81,22.32,-0.466256769080922,-0.0676182912663372,-0.632357483244864,-0.802353112512861,0.177018626017349,0.968291140272662,2.58040010013264,0.336666848077184,-0.260483787962273,0.267655064250062,-0.218029673562473,-0.991555890918049
"111","champion_NE",4,1,3,4,2,8,3,11,36,"champion","NE32",55.2,-0.561112731525959,NA,NA,NA,NA,NA,NA,NA,NA,NA,NA,NA,NA,NA,NA,NA,NA,"HR",0,1,NA,NA,NA,NA,NA,NA,NA,NA,NA,NA,NA,NA,NA,NA,NA,NA
"112","champion_NE",8.66666666666667,1,8,10,6,11,4,14,62.6666666666667,"champion","NE34",60,-0.442067502139157,78.05,0.18,66.56,11.97,NA,NA,NA,NA,-0.702429249697053,-0.357964169271744,-0.573740350080822,-0.443941903143355,NA,NA,NA,NA,"HR",0,1,NA,NA,NA,NA,NA,NA,NA,NA,NA,NA,NA,NA,NA,NA,NA,NA
"113","champion_NE",4.66666666666667,2,3,5,2.66666666666667,12,4,11,44.3333333333333,"champion","NE35",55.2,-0.561112731525959,61.18,39.67,85.11,21.19,74.71,1.07,178.67,244.2,-0.789668176489237,9.91283821710891,-0.441332099347962,-0.415647672752893,-0.833790769452685,-0.0941724019202047,-0.626040086567137,-0.543203064963201,"HR",0,1,13.53,-38.6,223.01,93.56,-0.440518974636443,-1.30684313233088,-0.506291560835695,-0.559856870391475,0.288241255058634,-5.21236569574413,3.5266077075026,1.069896859217,-0.194602789054372,-1.8787910748319,0.0883737475179159,-0.387317562738629
"114","champion_NE",5.33333333333333,2,3,5,3.33333333333333,7,3,10,38.6666666666667,"champion","NE38",54,-0.590874038872659,NA,NA,NA,NA,NA,NA,NA,NA,NA,NA,NA,NA,NA,NA,NA,NA,"HR",0,1,NA,NA,NA,NA,NA,NA,NA,NA,NA,NA,NA,NA,NA,NA,NA,NA
"115","champion_NE",9.33333333333333,2,5,10,4,7,3,9,49.3333333333333,"champion","NE39",55.2,-0.561112731525959,116.85,0.19,76.9,5.19,60.79,0.77,156.3,37.75,-0.501784889321431,-0.355363307689982,-0.499934349402775,-0.464748289482544,-0.884211673498701,-0.103811808126435,-0.686162086137664,-0.669307675347886,"HR",0,1,-56.06,0.58,32.56,79.4,-0.916873526602222,-0.056126252554765,-0.635234927768167,-0.608056572643564,-0.942751810223546,2.01885902725132,2.86267020074192,1.02326227503784,-0.923762434789641,0.632500977019114,-0.126624231647047,-0.425748072608181
"116","champion_NE",9.33333333333333,1,3,10,4.66666666666667,12,3,10,53,"champion","NE42",55.2,-0.561112731525959,113,0.22,84.83,16.18,68.61,0.38,39.22,8.46,-0.52169418796695,-0.347560722944694,-0.443330714453364,-0.431022303366365,-0.855886136886643,-0.116343036194535,-1.00082832260245,-0.687198709681465,"HR",0,1,-44.39,0.16,-7.72,-45.61,-0.836990531610978,-0.0695336310515992,-0.662506331391375,-1.03358233383944,-0.719832001057084,0.788495894806288,-0.935482039310028,-1.11298502639545,-0.791719344001041,0.205214967558769,-1.35655181949516,-2.18618133145594
"117","champion_NE",4,1,3,4,2,7,3,8,32,"champion","NE46",60,-0.442067502139157,NA,NA,NA,NA,NA,NA,NA,NA,NA,NA,NA,NA,NA,NA,NA,NA,"HR",0,1,NA,NA,NA,NA,NA,NA,NA,NA,NA,NA,NA,NA,NA,NA,NA,NA
"118","champion_NE",8,1,3,4,2,8,5,10,41,"champion","NE48",NA,NA,95.02,0.22,34,4.73,54.32,0.42,61.46,5.05,-0.614673198264726,-0.347560722944694,-0.806150735194672,-0.466159932213522,-0.907647251744227,-0.115057782033704,-0.941055713284233,-0.689281619448536,"HR",0,1,-40.7,0.2,0.319999999999999,27.46,-0.811731898233284,-0.0682567378614245,-0.657062883399056,-0.784856892910054,-0.806747727166112,0.932885804141463,0.0944432042997621,0.854113020567898,-0.843202526031766,0.255359340824866,-1.02303873458534,-0.565140161285553
"119","champion_NE",6.66666666666667,3,7,7,4,11,3,10,51.6666666666667,"champion","NE49",NA,NA,NA,NA,NA,NA,NA,NA,NA,NA,NA,NA,NA,NA,NA,NA,NA,NA,"HR",0,1,NA,NA,NA,NA,NA,NA,NA,NA,NA,NA,NA,NA,NA,NA,NA,NA
"122","champion_NE",4,1,3,4,2,9,3,12,38,"champion","NE51",54,-0.590874038872659,NA,NA,NA,NA,NA,NA,NA,NA,NA,NA,NA,NA,NA,NA,NA,NA,"HR",0,1,NA,NA,NA,NA,NA,NA,NA,NA,NA,NA,NA,NA,NA,NA,NA,NA
"123","champion_NE",7.33333333333333,2,3,6,2.66666666666667,9,4,13,47,"champion","NE53",51.6,-0.65039665356606,93.02,0.16,75.14,1.75,NA,NA,NA,NA,-0.625015691067593,-0.36316589243527,-0.512497072922442,-0.475304922079419,NA,NA,NA,NA,"HR",0,1,NA,NA,NA,NA,NA,NA,NA,NA,NA,NA,NA,NA,NA,NA,NA,NA
"124","champion_NE",8,2,4,7,2,10,3,10,46,"champion","NE56",54,-0.590874038872659,91.68,0.94,117.55,192.87,61.22,1.45,178.01,30.46,-0.631945161245514,-0.160298689057784,-0.209778263564998,0.111201944756257,-0.882654131204176,-0.0819624873923128,-0.627813914001941,-0.673760582151976,"HR",0,1,-30.46,0.51,-162.41,60.46,-0.741637479320659,-0.0583608156375707,-0.767238541581893,-0.672527078339508,-0.582603999229914,0.625320238337297,-2.66264090963157,0.598683750207327,-0.710434465946654,0.14854659603893,-1.91584492017824,-0.775633666660267
"125","champion_NE",6.66666666666667,1,3,7,2,8,4,11,42.6666666666667,"champion","NE57",54,-0.590874038872659,80.9,0.3,80.53,5.31,93.21,3.78,313.55,1401.36,-0.687691197452968,-0.326753830290593,-0.47402373214346,-0.464380034857072,-0.766780228874287,-0.00709643252392308,-0.263534261709175,0.163618010128795,"HR",0,1,12.31,3.48,1396.05,233.02,-0.448870067514705,0.0364485037329002,0.28791020942667,-0.0851442661487958,0.204345039525657,3.65535182861255,8.04390004570948,1.96109728107596,-0.24429741083726,1.20082951366394,1.55117516199191,0.347100620908475
"126","champion_NE",4,1,3,5,2.66666666666667,10,3,10,38.6666666666667,"champion","NE58",55.2,-0.561112731525959,NA,NA,NA,NA,NA,NA,NA,NA,NA,NA,NA,NA,NA,NA,NA,NA,"HR",0,1,NA,NA,NA,NA,NA,NA,NA,NA,NA,NA,NA,NA,NA,NA,NA,NA
"127","champion_NE",4,1,3,4,4.66666666666667,13,8,16,53.6666666666667,"champion","NE60",48,-0.739680575606161,NA,NA,NA,NA,NA,NA,NA,NA,NA,NA,NA,NA,NA,NA,NA,NA,"HR",0,1,NA,NA,NA,NA,NA,NA,NA,NA,NA,NA,NA,NA,NA,NA,NA,NA
"128","champion_NE",6.66666666666667,2,3,4,4.66666666666667,7,3,13,43.3333333333333,"champion","NE61",48,-0.739680575606161,243.86,0.3,240.66,23.27,NA,NA,NA,NA,0.155015116124646,-0.326753830290593,0.668969970813566,-0.409264592578039,NA,NA,NA,NA,"HR",0,1,NA,NA,NA,NA,NA,NA,NA,NA,NA,NA,NA,NA,NA,NA,NA,NA
"129","champion_NE",4.66666666666667,1,3,4,3.33333333333333,8,4,10,38,"champion","NE62",54,-0.590874038872659,NA,NA,NA,NA,NA,NA,NA,NA,NA,NA,NA,NA,NA,NA,NA,NA,"HR",0,1,NA,NA,NA,NA,NA,NA,NA,NA,NA,NA,NA,NA,NA,NA,NA,NA
"130","champion_NE",11.3333333333333,2,3,12,2.66666666666667,7,3,9,50,"champion","NE64",48,-0.739680575606161,84.24,0.2,220.4,21.4,115.34,1.57,242.86,474.52,-0.67041923447218,-0.352762446108219,0.524355892115575,-0.415003227158317,-0.686621133576993,-0.0781067249098207,-0.453521930445899,-0.402518086209019,"HR",0,1,31.1,1.37,453.12,22.46,-0.320249546873276,-0.0309076120488148,-0.350496558657531,-0.801876561784379,0.453315586031404,2.97269265400426,4.47078619328972,0.140000668066659,-0.0968235699127113,0.963752583408226,0.394120093142638,-1.15362405781463
"131","champion_NE",6,2,3,7,4.66666666666667,11,4,8,45.6666666666667,"champion","NE65",67.2,-0.263499658058955,NA,NA,NA,NA,NA,NA,NA,NA,NA,NA,NA,NA,NA,NA,NA,NA,"HR",0,1,NA,NA,NA,NA,NA,NA,NA,NA,NA,NA,NA,NA,NA,NA,NA,NA
"132","champion_NE",8.66666666666667,1,5,7,4,8,4,14,51.6666666666667,"champion","NE66",42,-0.888487112339663,NA,NA,NA,NA,NA,NA,NA,NA,NA,NA,NA,NA,NA,NA,NA,NA,"HR",0,1,NA,NA,NA,NA,NA,NA,NA,NA,NA,NA,NA,NA,NA,NA,NA,NA
"133","champion_NE",8.66666666666667,2,4,7,3.33333333333333,8,5,15,53,"champion","NE67",46.8,-0.769441882952862,52.06,0.71,359.7,15.78,124.39,0.26,54.44,3.9,-0.836829943670312,-0.220118505438325,1.5186669070529,-0.432249818784607,-0.653840301564317,-0.120198798677027,-0.959922786908958,-0.689984067023941,"HR",0,1,72.33,-0.45,-11.88,-305.26,-0.038023678536603,-0.0890062522017633,-0.665322841795361,-1.91741373848315,1.25662329168217,-1.44930740136359,-2.01655117626385,-2.72405518751875,0.379003287758867,-0.571939366119509,-1.70662645365266,-3.51382794431568
"134","champion_NE",4,1,3,4,2.66666666666667,12,3,11,40.6666666666667,"champion","NE68",46.8,-0.769441882952862,177.04,0.5,47.01,4.86,61.22,1.46,186.59,275.99,-0.190527568419145,-0.27473659865534,-0.713286511904402,-0.465760989702593,-0.882654131204176,-0.0816411738521052,-0.604754157349499,-0.523784970683089,"HR",0,1,-115.82,0.96,271.13,139.58,-1.32594017447512,-0.0439957672481054,-0.473712118374206,-0.403207838072185,-1.53200040627402,1.54596836910529,5.82751587044069,1.98883208362686,-1.27279469960397,0.468273395013507,0.833459844083591,0.369956246661831
"135","champion_NE",6.66666666666667,1,3,8,3.33333333333333,12,4,11,49,"champion","NE69",48,-0.739680575606161,76.4,0.49,120.74,60.1,105,2.47,426.36,402.92,-0.710961806259419,-0.277337460237103,-0.187008327185601,-0.296241110443475,-0.724074592473243,-0.0491885062911293,0.0396558487758993,-0.446253083077721,"HR",0,1,28.6,1.98,342.82,305.62,-0.337362442115616,-0.0114349908986507,-0.425174707109365,0.161981325906406,0.458744784517736,2.33365738746947,2.74505652319935,1.82016838823965,-0.0936076684128818,0.741825558986206,-0.164710200185238,0.230964296282029
"136","champion_NE",4,1,3,4,2,9,3,8,34,"champion","NE70",48,-0.739680575606161,106.59,0.57,208.05,58.85,42.35,1.41,145.64,167.21,-0.554841877400139,-0.256530567583002,0.43620269014518,-0.300077096125479,-0.951004882594142,-0.0832477415531436,-0.714812086827061,-0.590230403076627,"HR",0,1,-64.24,0.84,108.36,-62.41,-0.972866919835159,-0.0478264468186295,-0.58391485838785,-1.09076842125718,-1.33163821983282,1.30666133823405,1.5065468100508,-0.514523642487606,-1.15411326669864,0.385165779415846,-0.565767653321562,-1.69300279184559
"137","champion_NE",5.33333333333333,1,3,6,2,13,3,13,46.3333333333333,"champion","NE72",48,-0.739680575606161,NA,NA,NA,NA,NA,NA,NA,NA,NA,NA,NA,NA,NA,NA,NA,NA,"HR",0,1,NA,NA,NA,NA,NA,NA,NA,NA,NA,NA,NA,NA,NA,NA,NA,NA
"138","champion_NE",5.33333333333333,1,3,4,4,4,3,9,33.3333333333333,"champion","NE73",46.8,-0.769441882952862,54.46,0.27,71.13,5.4,71.32,0.17,104.9,8.42,-0.824418952306871,-0.334556415035881,-0.54112009639623,-0.464103843887967,-0.846069998239753,-0.123090620538896,-0.824305616666277,-0.68722314264061,"HR",0,1,16.86,-0.1,3.02,33.77,-0.417724598173646,-0.0778334367877347,-0.655234859819547,-0.763378070790656,0.389109720581199,-0.667424660913129,0.640860826015565,0.560484609261466,-0.134854918281897,-0.300403632299946,-0.846096351826763,-0.80711271786159
"139","champion_NE",6,2,4,8,4,12,3,14,53,"champion","NE78",46.8,-0.769441882952862,88.43,0.29,157.66,10.59,84.61,0.19,100.66,1.98,-0.648751712050173,-0.329354691872355,0.0765233502837891,-0.448176831336287,-0.797931074764785,-0.122447993458481,-0.835701114126225,-0.691156849062879,"HR",0,1,-3.82000000000001,-0.1,-8.61,-57,-0.559282467618283,-0.0778334367877347,-0.663108902126843,-1.07235313953516,-0.0637077043515655,-0.610053481683986,-2.41913025391273,-0.647326176701867,-0.403074295351291,-0.28047951267671,-1.8369906630357,-1.80244236746644
"140","champion_NE",3.33333333333333,1,3,4,2,11,6,10,40.3333333333333,"champion","NE79",58.8,-0.471828809485858,NA,NA,NA,NA,NA,NA,NA,NA,NA,NA,NA,NA,NA,NA,NA,NA,"HR",0,1,NA,NA,NA,NA,NA,NA,NA,NA,NA,NA,NA,NA,NA,NA,NA,NA
"141","champion_NE",6.66666666666667,2,3,9,5.33333333333333,10,3,8,47,"champion","NE82",66,-0.293260965405655,99.65,0.13,33.05,1.82,NA,NA,NA,NA,-0.590730327426088,-0.370968477180558,-0.812931750730856,-0.475090106881227,NA,NA,NA,NA,"HR",0,1,NA,NA,NA,NA,NA,NA,NA,NA,NA,NA,NA,NA,NA,NA,NA,NA
"142","champion_NE",10,2,4,8,6,13,5,18,66,"champion","NE85",43.2,-0.858725804992963,NA,NA,NA,NA,NA,NA,NA,NA,NA,NA,NA,NA,NA,NA,NA,NA,"HR",0,1,NA,NA,NA,NA,NA,NA,NA,NA,NA,NA,NA,NA,NA,NA,NA,NA
"143","champion_CP",NA,NA,NA,NA,NA,NA,NA,NA,47.5151515151515,"champion","CN1",72,-0.144454428672153,NA,NA,NA,NA,NA,NA,NA,NA,NA,NA,NA,NA,NA,NA,NA,NA,"CP",1,1,NA,NA,NA,NA,NA,NA,NA,NA,NA,NA,NA,NA,NA,NA,NA,NA
"144","champion_CP",NA,NA,NA,NA,NA,NA,NA,NA,37.8181818181818,"champion","CN2",108,0.748384791728859,NA,NA,NA,NA,NA,NA,NA,NA,NA,NA,NA,NA,NA,NA,NA,NA,"CP",1,1,NA,NA,NA,NA,NA,NA,NA,NA,NA,NA,NA,NA,NA,NA,NA,NA
"145","champion_CP",NA,NA,NA,NA,NA,NA,NA,NA,47.5151515151515,"champion","CN3",144,1.64122401212987,NA,NA,NA,NA,NA,NA,NA,NA,NA,NA,NA,NA,NA,NA,NA,NA,"CP",1,1,NA,NA,NA,NA,NA,NA,NA,NA,NA,NA,NA,NA,NA,NA,NA,NA
"146","champion_CP",NA,NA,NA,NA,NA,NA,NA,NA,51.3939393939394,"champion","CN4",180,2.53406323253088,NA,NA,NA,NA,NA,NA,NA,NA,NA,NA,NA,NA,NA,NA,NA,NA,"CP",1,1,NA,NA,NA,NA,NA,NA,NA,NA,NA,NA,NA,NA,NA,NA,NA,NA
"147","champion_CP",NA,NA,NA,NA,NA,NA,NA,NA,46.5454545454545,"champion","CN5",192,2.83167630599789,NA,NA,NA,NA,NA,NA,NA,NA,NA,NA,NA,NA,NA,NA,NA,NA,"CP",1,1,NA,NA,NA,NA,NA,NA,NA,NA,NA,NA,NA,NA,NA,NA,NA,NA
"148","champion_CP",NA,NA,NA,NA,NA,NA,NA,NA,54.3030303030303,"champion","CN6",156,1.93883708559687,NA,NA,NA,NA,NA,NA,NA,NA,NA,NA,NA,NA,NA,NA,NA,NA,"CP",1,1,NA,NA,NA,NA,NA,NA,NA,NA,NA,NA,NA,NA,NA,NA,NA,NA
"149","champion_CP",NA,NA,NA,NA,NA,NA,NA,NA,52.3636363636364,"champion","CN7",108,0.748384791728859,NA,NA,NA,NA,NA,NA,NA,NA,NA,NA,NA,NA,NA,NA,NA,NA,"CP",1,1,NA,NA,NA,NA,NA,NA,NA,NA,NA,NA,NA,NA,NA,NA,NA,NA
"150","champion_CP",NA,NA,NA,NA,NA,NA,NA,NA,39.7575757575758,"champion","CN8",132,1.34361093866287,NA,NA,NA,NA,NA,NA,NA,NA,NA,NA,NA,NA,NA,NA,NA,NA,"CP",1,1,NA,NA,NA,NA,NA,NA,NA,NA,NA,NA,NA,NA,NA,NA,NA,NA
"151","champion_CP",NA,NA,NA,NA,NA,NA,NA,NA,46.5454545454545,"champion","CN9",180,2.53406323253088,NA,NA,NA,NA,NA,NA,NA,NA,NA,NA,NA,NA,NA,NA,NA,NA,"CP",1,1,NA,NA,NA,NA,NA,NA,NA,NA,NA,NA,NA,NA,NA,NA,NA,NA
"152","champion_CP",NA,NA,NA,NA,NA,NA,NA,NA,43.6363636363636,"champion","CN10",54,-0.590874038872659,NA,NA,NA,NA,NA,NA,NA,NA,NA,NA,NA,NA,NA,NA,NA,NA,"CP",1,1,NA,NA,NA,NA,NA,NA,NA,NA,NA,NA,NA,NA,NA,NA,NA,NA
"153","champion_CP",NA,NA,NA,NA,NA,NA,NA,NA,46.5454545454545,"champion","CN11",120,1.04599786519586,NA,NA,NA,NA,NA,NA,NA,NA,NA,NA,NA,NA,NA,NA,NA,NA,"CP",1,1,NA,NA,NA,NA,NA,NA,NA,NA,NA,NA,NA,NA,NA,NA,NA,NA
"154","champion_CP",NA,NA,NA,NA,NA,NA,NA,NA,39.7575757575758,"champion","CN12",36,-1.03729364907317,NA,NA,NA,NA,NA,NA,NA,NA,NA,NA,NA,NA,NA,NA,NA,NA,"CP",1,1,NA,NA,NA,NA,NA,NA,NA,NA,NA,NA,NA,NA,NA,NA,NA,NA
"155","champion_CP",NA,NA,NA,NA,NA,NA,NA,NA,37.8181818181818,"champion","CN13",NA,NA,NA,NA,NA,NA,NA,NA,NA,NA,NA,NA,NA,NA,NA,NA,NA,NA,"CP",1,1,NA,NA,NA,NA,NA,NA,NA,NA,NA,NA,NA,NA,NA,NA,NA,NA
"156","champion_CP",NA,NA,NA,NA,NA,NA,NA,NA,47.5151515151515,"champion","CN14",60,-0.442067502139157,52.71,0.1,134.29,6,NA,NA,NA,NA,-0.83346863350938,-0.378771061925845,-0.0902896319063422,-0.462262570760605,NA,NA,NA,NA,"CP",1,1,NA,NA,NA,NA,NA,NA,NA,NA,NA,NA,NA,NA,NA,NA,NA,NA
"157","champion_CP",NA,NA,NA,NA,NA,NA,NA,NA,47.5151515151515,"champion","CN15",60,-0.442067502139157,NA,NA,NA,NA,NA,NA,NA,NA,NA,NA,NA,NA,NA,NA,NA,NA,"CP",1,1,NA,NA,NA,NA,NA,NA,NA,NA,NA,NA,NA,NA,NA,NA,NA,NA
"158","champion_CP",NA,NA,NA,NA,NA,NA,NA,NA,36.8484848484849,"champion","CN16",180,2.53406323253088,NA,NA,NA,NA,NA,NA,NA,NA,NA,NA,NA,NA,NA,NA,NA,NA,"CP",1,1,NA,NA,NA,NA,NA,NA,NA,NA,NA,NA,NA,NA,NA,NA,NA,NA
"159","champion_CP",NA,NA,NA,NA,NA,NA,NA,NA,47.5151515151515,"champion","CN17",120,1.04599786519586,NA,NA,NA,NA,NA,NA,NA,NA,NA,NA,NA,NA,NA,NA,NA,NA,"CP",1,1,NA,NA,NA,NA,NA,NA,NA,NA,NA,NA,NA,NA,NA,NA,NA,NA
"160","champion_CP",NA,NA,NA,NA,NA,NA,NA,NA,39.7575757575758,"champion","CN18",132,1.34361093866287,NA,NA,NA,NA,NA,NA,NA,NA,NA,NA,NA,NA,NA,NA,NA,NA,"CP",1,1,NA,NA,NA,NA,NA,NA,NA,NA,NA,NA,NA,NA,NA,NA,NA,NA
"161","champion_CP",NA,NA,NA,NA,NA,NA,NA,NA,44.6060606060606,"champion","CN19",168,2.23645015906388,NA,NA,NA,NA,NA,NA,NA,NA,NA,NA,NA,NA,NA,NA,NA,NA,"CP",1,1,NA,NA,NA,NA,NA,NA,NA,NA,NA,NA,NA,NA,NA,NA,NA,NA
"162","champion_control",NA,NA,NA,NA,NA,NA,NA,NA,40.7272727272727,"champion","CON1",31.2,-1.15633887845997,39.11,0.46,71.94,53.87,NA,NA,NA,NA,-0.903797584568876,-0.285140044982391,-0.535338388412747,-0.315359663082582,NA,NA,NA,NA,"CN",0,0,NA,NA,NA,NA,NA,NA,NA,NA,NA,NA,NA,NA,NA,NA,NA,NA
"163","champion_control",NA,NA,NA,NA,NA,NA,NA,NA,40.7272727272727,"champion","CON2",42,-0.888487112339663,47.65,0.24,30.58,18.53,NA,NA,NA,NA,-0.859635140300634,-0.342358999781169,-0.830562391124935,-0.423810650284198,NA,NA,NA,NA,"CN",0,0,NA,NA,NA,NA,NA,NA,NA,NA,NA,NA,NA,NA,NA,NA,NA,NA
"164","champion_control",NA,NA,NA,NA,NA,NA,NA,NA,41.6969696969697,"champion","CON3",67.2,-0.263499658058955,47.06,0.12,229.48,6.64,52.36,1,407.96,59.7,-0.862686175677479,-0.37356933876232,0.589168124819314,-0.46029854609142,-0.914746746854155,-0.0964215967016585,-0.00979631001255363,-0.655900089017327,"CN",0,0,5.3,0.88,53.06,178.48,-0.496854625774226,-0.0465495536284548,-0.621355489479295,-0.270794814229935,0.153963776720943,3.05889368905357,3.16847578480524,0.830059281470149,-0.274139970291451,0.993688864255957,-0.0275974679509346,-0.584962305603261
"165","champion_control",NA,NA,NA,NA,NA,NA,NA,NA,39.7575757575758,"champion","CON4",51.6,-0.65039665356606,47.37,0.26,70.52,18.05,41.15,1.04,105.29,80.69,-0.861083089293035,-0.337157276617643,-0.54547422216157,-0.425283668786087,-0.955351512253281,-0.0951363425408278,-0.823257445909347,-0.643078893706237,"CN",0,0,-6.22,0.78,62.64,34.77,-0.575710847050929,-0.0497417866038915,-0.614869391000885,-0.759974137015791,-0.203081241272405,2,2.16039105269363,0.578264042010821,-0.485630047834572,0.625951529718539,-0.354038101329965,-0.79246108800843
"166","champion_control",NA,NA,NA,NA,NA,NA,NA,NA,40.7272727272727,"champion","CON5",60,-0.442067502139157,40.22,0.25,29.2,4.47,NA,NA,NA,NA,-0.898057501063285,-0.339758138199406,-0.840412708430129,-0.466957817235378,NA,NA,NA,NA,"CN",0,0,NA,NA,NA,NA,NA,NA,NA,NA,NA,NA,NA,NA,NA,NA,NA,NA
"167","champion_control",NA,NA,NA,NA,NA,NA,NA,NA,42.6666666666667,"champion","CON6",36,-1.03729364907317,74.25,0.19,41.92,8.31,NA,NA,NA,NA,-0.722079986022501,-0.355363307689982,-0.749618479356168,-0.455173669220262,NA,NA,NA,NA,"CN",0,0,NA,NA,NA,NA,NA,NA,NA,NA,NA,NA,NA,NA,NA,NA,NA,NA
"168","champion_control",NA,NA,NA,NA,NA,NA,NA,NA,42.6666666666667,"champion","CON7",33.6,-1.09681626376657,75.99,0.15,262.49,17.19,90.77,3.74,278.4,651.99,-0.713082017284007,-0.365766754017032,0.824790569923988,-0.427922826935306,-0.77561837584787,-0.00838168668475379,-0.358004010699072,-0.294115154724543,"CN",0,0,14.78,3.59,634.8,15.91,-0.431962527015272,0.0399599600058807,-0.227490883129616,-0.824172328009745,0.256405979626534,4.64000386427912,5.2452083871335,0.084896749265841,-0.213459920593642,1.54278387488645,0.644895512517956,-1.19903395548178
"169","champion_control",NA,NA,NA,NA,NA,NA,NA,NA,40.7272727272727,"champion","CON8",61.2,-0.412306194792457,78.18,0.42,131.41,32.07,NA,NA,NA,NA,-0.701756987664867,-0.295543491309441,-0.110846815847616,-0.382259253376731,NA,NA,NA,NA,"CN",0,0,NA,NA,NA,NA,NA,NA,NA,NA,NA,NA,NA,NA,NA,NA,NA,NA
"170","champion_control",NA,NA,NA,NA,NA,NA,NA,NA,40.7272727272727,"champion","CON9",102,0.599578254995357,73.68,0.17,24.92,3.79,71.91,0.64,96.48,36.35,-0.725027596471318,-0.360565030853507,-0.870962967898411,-0.469044593446388,-0.84393290532401,-0.107988884149135,-0.846935354546645,-0.670162828917945,"CN",0,0,-1.77000000000001,0.47,32.56,71.56,-0.545249893519564,-0.0596377088277454,-0.635234927768167,-0.634743413438506,-0.0350806517210467,1.91253715874966,3.26168561063587,1.95292583887608,-0.386117504819145,0.595577043171909,0.00258598152712853,0.34036671954239
"171","champion_control",NA,NA,NA,NA,NA,NA,NA,NA,41.6969696969697,"champion","CON10",169.2,2.26621146641058,47.4,0.13,32.98,8.15,NA,NA,NA,NA,-0.860927951900992,-0.370968477180558,-0.813431404507206,-0.455664675387559,NA,NA,NA,NA,"CN",0,0,NA,NA,NA,NA,NA,NA,NA,NA,NA,NA,NA,NA,NA,NA,NA,NA
"172","champion_control",NA,NA,NA,NA,NA,NA,NA,NA,41.6969696969697,"champion","CON11",187.2,2.71263107661108,102.1,0.05,19,2.97,NA,NA,NA,NA,-0.578060773742576,-0.391775369834659,-0.913219401555475,-0.471561000053783,NA,NA,NA,NA,"CN",0,0,NA,NA,NA,NA,NA,NA,NA,NA,NA,NA,NA,NA,NA,NA,NA,NA
"173","champion_control",NA,NA,NA,NA,NA,NA,NA,NA,40.7272727272727,"champion","CON12",60,-0.442067502139157,56.97,0.11,39.64,2.35,NA,NA,NA,NA,-0.811439123839273,-0.376170200344083,-0.76589291664301,-0.473463648952057,NA,NA,NA,NA,"CN",0,0,NA,NA,NA,NA,NA,NA,NA,NA,NA,NA,NA,NA,NA,NA,NA,NA
"174","champion_control",NA,NA,NA,NA,NA,NA,NA,NA,41.6969696969697,"champion","CON13",60,-0.442067502139157,NA,NA,NA,NA,NA,NA,NA,NA,NA,NA,NA,NA,NA,NA,NA,NA,"CN",0,0,NA,NA,NA,NA,NA,NA,NA,NA,NA,NA,NA,NA,NA,NA,NA,NA
"175","champion_control",NA,NA,NA,NA,NA,NA,NA,NA,42.6666666666667,"champion","CON14",36,-1.03729364907317,NA,NA,NA,NA,NA,NA,NA,NA,NA,NA,NA,NA,NA,NA,NA,NA,"CN",0,0,NA,NA,NA,NA,NA,NA,NA,NA,NA,NA,NA,NA,NA,NA,NA,NA
"176","champion_control",NA,NA,NA,NA,NA,NA,NA,NA,42.6666666666667,"champion","CON15",36,-1.03729364907317,NA,NA,NA,NA,NA,NA,NA,NA,NA,NA,NA,NA,NA,NA,NA,NA,"CN",0,0,NA,NA,NA,NA,NA,NA,NA,NA,NA,NA,NA,NA,NA,NA,NA,NA
"177","champion_control",NA,NA,NA,NA,NA,NA,NA,NA,39.7575757575758,"champion","CON16",48,-0.739680575606161,NA,NA,NA,NA,NA,NA,NA,NA,NA,NA,NA,NA,NA,NA,NA,NA,"CN",0,0,NA,NA,NA,NA,NA,NA,NA,NA,NA,NA,NA,NA,NA,NA,NA,NA
"178","champion_control",NA,NA,NA,NA,NA,NA,NA,NA,38.7878787878788,"champion","CON17",84,0.153158644794851,NA,NA,NA,NA,NA,NA,NA,NA,NA,NA,NA,NA,NA,NA,NA,NA,"CN",0,0,NA,NA,NA,NA,NA,NA,NA,NA,NA,NA,NA,NA,NA,NA,NA,NA
"179","champion_control",NA,NA,NA,NA,NA,NA,NA,NA,39.7575757575758,"champion","CON18",141.6,1.58170139743647,NA,NA,NA,NA,NA,NA,NA,NA,NA,NA,NA,NA,NA,NA,NA,NA,"CN",0,0,NA,NA,NA,NA,NA,NA,NA,NA,NA,NA,NA,NA,NA,NA,NA,NA
"180","champion_control",NA,NA,NA,NA,NA,NA,NA,NA,40.7272727272727,"champion","CON19",91.2,0.331726488875053,NA,NA,NA,NA,NA,NA,NA,NA,NA,NA,NA,NA,NA,NA,NA,NA,"CN",0,0,NA,NA,NA,NA,NA,NA,NA,NA,NA,NA,NA,NA,NA,NA,NA,NA
"181","champion_control",NA,NA,NA,NA,NA,NA,NA,NA,40.7272727272727,"champion","CON20",144,1.64122401212987,NA,NA,NA,NA,NA,NA,NA,NA,NA,NA,NA,NA,NA,NA,NA,NA,"CN",0,0,NA,NA,NA,NA,NA,NA,NA,NA,NA,NA,NA,NA,NA,NA,NA,NA
"182","champion_control",NA,NA,NA,NA,NA,NA,NA,NA,36.8484848484849,"champion","CON21",84,0.153158644794851,NA,NA,NA,NA,NA,NA,NA,NA,NA,NA,NA,NA,NA,NA,NA,NA,"CN",0,0,NA,NA,NA,NA,NA,NA,NA,NA,NA,NA,NA,NA,NA,NA,NA,NA
"183","champion_control",NA,NA,NA,NA,NA,NA,NA,NA,NA,"champion","CON22",103.2,0.629339562342057,NA,NA,NA,NA,NA,NA,NA,NA,NA,NA,NA,NA,NA,NA,NA,NA,"CN",0,0,NA,NA,NA,NA,NA,NA,NA,NA,NA,NA,NA,NA,NA,NA,NA,NA
"184","champion_control",NA,NA,NA,NA,NA,NA,NA,NA,NA,"champion","CON23",NA,NA,NA,NA,NA,NA,NA,NA,NA,NA,NA,NA,NA,NA,NA,NA,NA,NA,"CN",0,0,NA,NA,NA,NA,NA,NA,NA,NA,NA,NA,NA,NA,NA,NA,NA,NA
"185","champion_control",NA,NA,NA,NA,NA,NA,NA,NA,NA,"champion","CON24",151.2,1.81979185621007,NA,NA,NA,NA,NA,NA,NA,NA,NA,NA,NA,NA,NA,NA,NA,NA,"CN",0,0,NA,NA,NA,NA,NA,NA,NA,NA,NA,NA,NA,NA,NA,NA,NA,NA
"186","champion_control",NA,NA,NA,NA,NA,NA,NA,NA,NA,"champion","CON25",156,1.93883708559687,NA,NA,NA,NA,NA,NA,NA,NA,NA,NA,NA,NA,NA,NA,NA,NA,"CN",0,0,NA,NA,NA,NA,NA,NA,NA,NA,NA,NA,NA,NA,NA,NA,NA,NA
"187","champion_control",NA,NA,NA,NA,NA,NA,NA,NA,NA,"champion","CON26",103.2,0.629339562342057,NA,NA,NA,NA,NA,NA,NA,NA,NA,NA,NA,NA,NA,NA,NA,NA,"CN",0,0,NA,NA,NA,NA,NA,NA,NA,NA,NA,NA,NA,NA,NA,NA,NA,NA
"188","champion_control",NA,NA,NA,NA,NA,NA,NA,NA,NA,"champion","CON27",139.2,1.52217878274307,NA,NA,NA,NA,NA,NA,NA,NA,NA,NA,NA,NA,NA,NA,NA,NA,"CN",0,0,NA,NA,NA,NA,NA,NA,NA,NA,NA,NA,NA,NA,NA,NA,NA,NA
"189","champion_control",NA,NA,NA,NA,NA,NA,NA,NA,NA,"champion","CON28",48,-0.739680575606161,NA,NA,NA,NA,NA,NA,NA,NA,NA,NA,NA,NA,NA,NA,NA,NA,"CN",0,0,NA,NA,NA,NA,NA,NA,NA,NA,NA,NA,NA,NA,NA,NA,NA,NA
"190","champion_control",NA,NA,NA,NA,NA,NA,NA,NA,NA,"champion","CON29",51.6,-0.65039665356606,NA,NA,NA,NA,NA,NA,NA,NA,NA,NA,NA,NA,NA,NA,NA,NA,"CN",0,0,NA,NA,NA,NA,NA,NA,NA,NA,NA,NA,NA,NA,NA,NA,NA,NA
"191","champion_control",NA,NA,NA,NA,NA,NA,NA,NA,NA,"champion","CON30",60,-0.442067502139157,NA,NA,NA,NA,NA,NA,NA,NA,NA,NA,NA,NA,NA,NA,NA,NA,"CN",0,0,NA,NA,NA,NA,NA,NA,NA,NA,NA,NA,NA,NA,NA,NA,NA,NA
"192","champion_control",NA,NA,NA,NA,NA,NA,NA,NA,NA,"champion","CON31",91.2,0.331726488875053,NA,NA,NA,NA,NA,NA,NA,NA,NA,NA,NA,NA,NA,NA,NA,NA,"CN",0,0,NA,NA,NA,NA,NA,NA,NA,NA,NA,NA,NA,NA,NA,NA,NA,NA
"193","champion_control",NA,NA,NA,NA,NA,NA,NA,NA,NA,"champion","CON32",148.8,1.76026924151667,NA,NA,NA,NA,NA,NA,NA,NA,NA,NA,NA,NA,NA,NA,NA,NA,"CN",0,0,NA,NA,NA,NA,NA,NA,NA,NA,NA,NA,NA,NA,NA,NA,NA,NA
"194","champion_control",NA,NA,NA,NA,NA,NA,NA,NA,NA,"champion","CON33",36,-1.03729364907317,NA,NA,NA,NA,NA,NA,NA,NA,NA,NA,NA,NA,NA,NA,NA,NA,"CN",0,0,NA,NA,NA,NA,NA,NA,NA,NA,NA,NA,NA,NA,NA,NA,NA,NA
"195","champion_control",NA,NA,NA,NA,NA,NA,NA,NA,NA,"champion","CON34",120,1.04599786519586,NA,NA,NA,NA,NA,NA,NA,NA,NA,NA,NA,NA,NA,NA,NA,NA,"CN",0,0,NA,NA,NA,NA,NA,NA,NA,NA,NA,NA,NA,NA,NA,NA,NA,NA
"196","champion_control",NA,NA,NA,NA,NA,NA,NA,NA,NA,"champion","CON35",85.2,0.182919952141551,NA,NA,NA,NA,NA,NA,NA,NA,NA,NA,NA,NA,NA,NA,NA,NA,"CN",0,0,NA,NA,NA,NA,NA,NA,NA,NA,NA,NA,NA,NA,NA,NA,NA,NA
"197","champion_control",NA,NA,NA,NA,NA,NA,NA,NA,NA,"champion","CON36",84,0.153158644794851,NA,NA,NA,NA,NA,NA,NA,NA,NA,NA,NA,NA,NA,NA,NA,NA,"CN",0,0,NA,NA,NA,NA,NA,NA,NA,NA,NA,NA,NA,NA,NA,NA,NA,NA
"198","champion_control",NA,NA,NA,NA,NA,NA,NA,NA,NA,"champion","CON37",60,-0.442067502139157,NA,NA,NA,NA,NA,NA,NA,NA,NA,NA,NA,NA,NA,NA,NA,NA,"CN",0,0,NA,NA,NA,NA,NA,NA,NA,NA,NA,NA,NA,NA,NA,NA,NA,NA
"199","champion_control",NA,NA,NA,NA,NA,NA,NA,NA,NA,"champion","CON38",72,-0.144454428672153,NA,NA,NA,NA,NA,NA,NA,NA,NA,NA,NA,NA,NA,NA,NA,NA,"CN",0,0,NA,NA,NA,NA,NA,NA,NA,NA,NA,NA,NA,NA,NA,NA,NA,NA
"200","champion_control",NA,NA,NA,NA,NA,NA,NA,NA,NA,"champion","CON39",102,0.599578254995357,NA,NA,NA,NA,NA,NA,NA,NA,NA,NA,NA,NA,NA,NA,NA,NA,"CN",0,0,NA,NA,NA,NA,NA,NA,NA,NA,NA,NA,NA,NA,NA,NA,NA,NA
"201","champion_control",NA,NA,NA,NA,NA,NA,NA,NA,NA,"champion","CON40",132,1.34361093866287,NA,NA,NA,NA,NA,NA,NA,NA,NA,NA,NA,NA,NA,NA,NA,NA,"CN",0,0,NA,NA,NA,NA,NA,NA,NA,NA,NA,NA,NA,NA,NA,NA,NA,NA
"202","champion_control",NA,NA,NA,NA,NA,NA,NA,NA,NA,"champion","CON41",72,-0.144454428672153,NA,NA,NA,NA,NA,NA,NA,NA,NA,NA,NA,NA,NA,NA,NA,NA,"CN",0,0,NA,NA,NA,NA,NA,NA,NA,NA,NA,NA,NA,NA,NA,NA,NA,NA
"203","champion_control",NA,NA,NA,NA,NA,NA,NA,NA,50.4242424242424,"champion","CON42",78,0.00435210806134856,NA,NA,NA,NA,NA,NA,NA,NA,NA,NA,NA,NA,NA,NA,NA,NA,"CN",0,0,NA,NA,NA,NA,NA,NA,NA,NA,NA,NA,NA,NA,NA,NA,NA,NA
"204","champion_control",NA,NA,NA,NA,NA,NA,NA,NA,32.969696969697,"champion","CON43",84,0.153158644794851,NA,NA,NA,NA,NA,NA,NA,NA,NA,NA,NA,NA,NA,NA,NA,NA,"CN",0,0,NA,NA,NA,NA,NA,NA,NA,NA,NA,NA,NA,NA,NA,NA,NA,NA
"205","champion_control",NA,NA,NA,NA,NA,NA,NA,NA,NA,"champion","CON44",60,-0.442067502139157,NA,NA,NA,NA,NA,NA,NA,NA,NA,NA,NA,NA,NA,NA,NA,NA,"CN",0,0,NA,NA,NA,NA,NA,NA,NA,NA,NA,NA,NA,NA,NA,NA,NA,NA
"206","champion_control",NA,NA,NA,NA,NA,NA,NA,NA,51.3939393939394,"champion","CON45",94.8,0.421010410915154,NA,NA,NA,NA,NA,NA,NA,NA,NA,NA,NA,NA,NA,NA,NA,NA,"CN",0,0,NA,NA,NA,NA,NA,NA,NA,NA,NA,NA,NA,NA,NA,NA,NA,NA
"207","champion_control",NA,NA,NA,NA,NA,NA,NA,NA,NA,"champion","CON46",75.6,-0.0551705066320524,NA,NA,NA,NA,NA,NA,NA,NA,NA,NA,NA,NA,NA,NA,NA,NA,"CN",0,0,NA,NA,NA,NA,NA,NA,NA,NA,NA,NA,NA,NA,NA,NA,NA,NA
"208","champion_control",NA,NA,NA,NA,NA,NA,NA,NA,NA,"champion","CON47",108,0.748384791728859,NA,NA,NA,NA,NA,NA,NA,NA,NA,NA,NA,NA,NA,NA,NA,NA,"CN",0,0,NA,NA,NA,NA,NA,NA,NA,NA,NA,NA,NA,NA,NA,NA,NA,NA
"209","champion_control",NA,NA,NA,NA,NA,NA,NA,NA,NA,"champion","CON48",96,0.450771718261855,NA,NA,NA,NA,NA,NA,NA,NA,NA,NA,NA,NA,NA,NA,NA,NA,"CN",0,0,NA,NA,NA,NA,NA,NA,NA,NA,NA,NA,NA,NA,NA,NA,NA,NA
"210","champion_control",NA,NA,NA,NA,NA,NA,NA,NA,NA,"champion","CON49",55.2,-0.561112731525959,NA,NA,NA,NA,NA,NA,NA,NA,NA,NA,NA,NA,NA,NA,NA,NA,"CN",0,0,NA,NA,NA,NA,NA,NA,NA,NA,NA,NA,NA,NA,NA,NA,NA,NA
"211","champion_control",NA,NA,NA,NA,NA,NA,NA,NA,NA,"champion","CON50",178.8,2.50430192518418,NA,NA,NA,NA,NA,NA,NA,NA,NA,NA,NA,NA,NA,NA,NA,NA,"CN",0,0,NA,NA,NA,NA,NA,NA,NA,NA,NA,NA,NA,NA,NA,NA,NA,NA
"212","champion_control",NA,NA,NA,NA,NA,NA,NA,NA,NA,"champion","CON51",178.8,2.50430192518418,NA,NA,NA,NA,NA,NA,NA,NA,NA,NA,NA,NA,NA,NA,NA,NA,"CN",0,0,NA,NA,NA,NA,NA,NA,NA,NA,NA,NA,NA,NA,NA,NA,NA,NA
"213","champion_control",NA,NA,NA,NA,NA,NA,NA,NA,NA,"champion","CON52",58.8,-0.471828809485858,NA,NA,NA,NA,NA,NA,NA,NA,NA,NA,NA,NA,NA,NA,NA,NA,"CN",0,0,NA,NA,NA,NA,NA,NA,NA,NA,NA,NA,NA,NA,NA,NA,NA,NA
"214","champion_control",NA,NA,NA,NA,NA,NA,NA,NA,NA,"champion","CON53",76.8,-0.0254091992853516,NA,NA,NA,NA,NA,NA,NA,NA,NA,NA,NA,NA,NA,NA,NA,NA,"CN",0,0,NA,NA,NA,NA,NA,NA,NA,NA,NA,NA,NA,NA,NA,NA,NA,NA
"215","champion_control",NA,NA,NA,NA,NA,NA,NA,NA,41.6969696969697,"champion","CON54",55.2,-0.561112731525959,NA,NA,NA,NA,NA,NA,NA,NA,NA,NA,NA,NA,NA,NA,NA,NA,"CN",0,0,NA,NA,NA,NA,NA,NA,NA,NA,NA,NA,NA,NA,NA,NA,NA,NA
"216","champion_control",NA,NA,NA,NA,NA,NA,NA,NA,50.4242424242424,"champion","CON55",74.4,-0.0849318139787525,NA,NA,NA,NA,NA,NA,NA,NA,NA,NA,NA,NA,NA,NA,NA,NA,"CN",0,0,NA,NA,NA,NA,NA,NA,NA,NA,NA,NA,NA,NA,NA,NA,NA,NA
"217","champion_control",NA,NA,NA,NA,NA,NA,NA,NA,53.3333333333333,"champion","CON56",102,0.599578254995357,NA,NA,NA,NA,NA,NA,NA,NA,NA,NA,NA,NA,NA,NA,NA,NA,"CN",0,0,NA,NA,NA,NA,NA,NA,NA,NA,NA,NA,NA,NA,NA,NA,NA,NA
"218","champion_control",NA,NA,NA,NA,NA,NA,NA,NA,40.7272727272727,"champion","CON57",42,-0.888487112339663,NA,NA,NA,NA,NA,NA,NA,NA,NA,NA,NA,NA,NA,NA,NA,NA,"CN",0,0,NA,NA,NA,NA,NA,NA,NA,NA,NA,NA,NA,NA,NA,NA,NA,NA
"219","champion_control",NA,NA,NA,NA,NA,NA,NA,NA,NA,"champion","CON58",78,0.00435210806134856,NA,NA,NA,NA,NA,NA,NA,NA,NA,NA,NA,NA,NA,NA,NA,NA,"CN",0,0,NA,NA,NA,NA,NA,NA,NA,NA,NA,NA,NA,NA,NA,NA,NA,NA
"220","champion_control",NA,NA,NA,NA,NA,NA,NA,NA,NA,"champion","CON59",114,0.89719132846236,NA,NA,NA,NA,NA,NA,NA,NA,NA,NA,NA,NA,NA,NA,NA,NA,"CN",0,0,NA,NA,NA,NA,NA,NA,NA,NA,NA,NA,NA,NA,NA,NA,NA,NA
"221","champion_control",NA,NA,NA,NA,NA,NA,NA,NA,NA,"champion","CON60",108,0.748384791728859,NA,NA,NA,NA,NA,NA,NA,NA,NA,NA,NA,NA,NA,NA,NA,NA,"CN",0,0,NA,NA,NA,NA,NA,NA,NA,NA,NA,NA,NA,NA,NA,NA,NA,NA
"222","champion_control",NA,NA,NA,NA,NA,NA,NA,NA,NA,"champion","CON61",45.6,-0.799203190299562,NA,NA,NA,NA,NA,NA,NA,NA,NA,NA,NA,NA,NA,NA,NA,NA,"CN",0,0,NA,NA,NA,NA,NA,NA,NA,NA,NA,NA,NA,NA,NA,NA,NA,NA
"223","champion_control",NA,NA,NA,NA,NA,NA,NA,NA,51.3939393939394,"champion","CON62",78,0.00435210806134856,NA,NA,NA,NA,NA,NA,NA,NA,NA,NA,NA,NA,NA,NA,NA,NA,"CN",0,0,NA,NA,NA,NA,NA,NA,NA,NA,NA,NA,NA,NA,NA,NA,NA,NA
"224","champion_control",NA,NA,NA,NA,NA,NA,NA,NA,36.8484848484849,"champion","CON63",76.8,-0.0254091992853516,NA,NA,NA,NA,NA,NA,NA,NA,NA,NA,NA,NA,NA,NA,NA,NA,"CN",0,0,NA,NA,NA,NA,NA,NA,NA,NA,NA,NA,NA,NA,NA,NA,NA,NA
"225","champion_control",NA,NA,NA,NA,NA,NA,NA,NA,NA,"champion","CON64",62.4,-0.382544887445756,NA,NA,NA,NA,NA,NA,NA,NA,NA,NA,NA,NA,NA,NA,NA,NA,"CN",0,0,NA,NA,NA,NA,NA,NA,NA,NA,NA,NA,NA,NA,NA,NA,NA,NA
"226","champion_control",NA,NA,NA,NA,NA,NA,NA,NA,NA,"champion","CON65",39.6,-0.948009727033064,NA,NA,NA,NA,NA,NA,NA,NA,NA,NA,NA,NA,NA,NA,NA,NA,"CN",0,0,NA,NA,NA,NA,NA,NA,NA,NA,NA,NA,NA,NA,NA,NA,NA,NA
"227","champion_control",NA,NA,NA,NA,NA,NA,NA,NA,NA,"champion","CON66",69.6,-0.203977043365554,NA,NA,NA,NA,NA,NA,NA,NA,NA,NA,NA,NA,NA,NA,NA,NA,"CN",0,0,NA,NA,NA,NA,NA,NA,NA,NA,NA,NA,NA,NA,NA,NA,NA,NA
"228","firefly_control",NA,NA,NA,NA,NA,NA,NA,NA,NA,NA,"CF12",55,-0.566072949417076,636.3145558,2.970777149,116.1158242,25.24281375,892.4755522,0.24696,213.4828144,26.32272218,2.1844943255316,0.367878337737772,-0.220015282913861,-0.40321044433943,2.12831256672645,-0.120617791533458,-0.532476563437695,-0.676287730650616,"CN",0,0,256.1609964,-2.723817149,1.07990843,97.3669902,1.22032855493868,-0.161591793033277,-0.656548390610794,-0.546898127869115,0.488072525733497,-3.58849109318282,0.0604359612533649,0.878555340711656,-0.0762358358671011,-1.31484464268096,-1.03405104893345,-0.544997796084855
"229","starfish_preterm",NA,NA,NA,NA,NA,NA,NA,NA,NA,NA,"S17",66,-0.293260965405655,141.9228413,0.09479977,695.6375085,845.0250901,208.4591861,0.011462563,2040.07151,2544.835103,-0.372127048975091,-0.380123569768178,3.91655897476396,2.11252801521193,-0.349325620129347,-0.128184643052688,4.37669486134513,0.862080021988341,"HR",0,1,66.5363448,-0.083337207,1699.8100129,1344.4340015,-0.0776821643397385,-0.07730152161496,0.493569641313135,3.69803539141496,0.554658150455014,-3.04795389579501,1.59050609441723,1.55221209402742,-0.0367948740109321,-1.12712446808687,-0.538579738364038,0.0101475528589639
"230","starfish_preterm",NA,NA,NA,NA,NA,NA,NA,NA,NA,NA,"S19",66,-0.293260965405655,208.5743565,0.082108804,121.3786785,192.8161807,316.3039713,0.202404045,432.5464746,1025.006547,-0.0274556408469968,-0.383424314358664,-0.182449496837046,0.111036784704884,0.0413088314821771,-0.122049434697296,0.0562827250943737,-0.0662677033974628,"HR",0,1,107.7296148,0.120295241,832.1903663,311.1677961,0.204292281340034,-0.0708010994612149,-0.0938485705501668,0.180865656427261,0.600749875112324,1.30162929592291,2.41033509516989,1.83334013166238,-0.00949315593443898,0.383418229264297,-0.273100568068892,0.241818833199556
"231","starfish_preterm",NA,NA,NA,NA,NA,NA,NA,NA,NA,NA,"S20",66,-0.293260965405655,NA,NA,NA,NA,NA,NA,NA,NA,NA,NA,NA,NA,NA,NA,NA,NA,"HR",0,1,NA,NA,NA,NA,NA,NA,NA,NA,NA,NA,NA,NA,NA,NA,NA,NA
"232","starfish_preterm",NA,NA,NA,NA,NA,NA,NA,NA,NA,NA,"S24",NA,NA,954.1614436,0.24696,166.1969107,249.4800486,580.1817242,0.066643428,838.0713584,1126.388038,3.82815890027421,-0.340548800120262,0.137459059849807,0.284926213465975,0.997124554100658,-0.126411607144201,1.14617842870016,-0.00434145770710918,"HR",0,1,-373.9797194,-0.180316572,876.9079894,671.8744477,-3.09308426802877,-0.0803973288838591,-0.0635726929774111,1.40868721062698,-0.717728538934855,-1.88974287109406,2.17470756786932,2.33417952355959,-0.7904733908441,-0.724895765188412,-0.349402089958241,0.654549289193755
"233","champion_NE",NA,NA,NA,NA,NA,NA,NA,NA,NA,NA,"NE3",60,-0.442067502139157,96.87,0.85,350.01,249.64,70.22,3.06,719.92,969.56,-0.605106392422074,-0.183706443293648,1.44950054858382,0.285417070490148,-0.850054408760631,-0.0302310074188761,0.828632790837758,-0.100135783836364,"HR",0,1,-26.65,2.21,719.92,369.91,-0.715557426971333,-0.00409285505514624,-0.169860747171138,0.38082022829248,-0.464167945454381,1.84799690655495,1.95748106365626,1.04044045687271,-0.640280706799803,0.573163215837015,-0.419744944445767,-0.411591920083918
"234","champion_NE",NA,NA,NA,NA,NA,NA,NA,NA,NA,NA,"NE41",54,-0.590874038872659,129.96,0.19,30.85,2.24,124.81,0.35,58.6,3.96,-0.433989848998637,-0.355363307689982,-0.828635155130441,-0.473801215692073,-0.652318981183618,-0.117306976815158,-0.948742298835046,-0.689947417585225,"HR",0,1,-5.15000000000001,0.16,1.72,27.75,-0.568386527887208,-0.0695336310515992,-0.656115019320792,-0.783869752115343,-0.0583341186468846,0.881355503501381,0.822001698022005,0.92563017527283,-0.399891335219948,0.237463667631995,-0.787438841098721,-0.506204485796928
"235","champion_NE",NA,NA,NA,NA,NA,NA,NA,NA,NA,NA,"NE33",58.8,-0.471828809485858,135.72,0.24,38.77,7.66,72.85,0.51,216.25,13.69,-0.40420346972638,-0.342358999781169,-0.772102899291936,-0.457168381774904,-0.840528045424351,-0.112165960171835,-0.525039427476373,-0.684004100273319,"HR",0,1,-62.87,0.27,6.03,177.48,-0.963489053242356,-0.0660221747786188,-0.653196952051278,-0.2741987480048,-0.897632457759102,1.08746284125034,0.837706149332943,2.47968749254763,-0.897036686297112,0.309041545369796,-0.78235338461921,0.774459127283225
"236","champion_NE",NA,NA,NA,NA,NA,NA,NA,NA,NA,NA,"NE47",58.8,-0.471828809485858,NA,NA,NA,NA,NA,NA,NA,NA,NA,NA,NA,NA,NA,NA,NA,NA,"HR",0,1,NA,NA,NA,NA,NA,NA,NA,NA,NA,NA,NA,NA,NA,NA,NA,NA
"237","champion_NE",NA,NA,NA,NA,NA,NA,NA,NA,NA,NA,"NE27",72,-0.144454428672153,109.72,0.29,23.34,5.98,52.78,0.46,86.13,23.04,-0.538655876163652,-0.329354691872355,-0.882240867421749,-0.462323946531518,-0.913225426473456,-0.113772527872873,-0.874752193865149,-0.678292896073286,"HR",0,1,-56.94,0.17,17.06,62.79,-0.922897265727526,-0.0692144077540556,-0.645729137206095,-0.664595912644072,-1.05576327152201,0.665580960929441,1.94592332724421,1.88371127022099,-0.990703020734796,0.162528519782208,-0.423487600866002,0.28332855332658
"238","champion_NE",NA,NA,NA,NA,NA,NA,NA,NA,NA,NA,"NE2",74.4,-0.0849318139787525,75.78,0.08,40.45,3.01,39.78,9.91,144.59,210.74,-0.714167979028307,-0.383972785089371,-0.760111208659526,-0.471438248511959,-0.960313914447465,0.189868767623386,-0.717634085018793,-0.563641235287597,"HR",0,1,-36,9.83,207.73,104.14,-0.779559655177685,0.239155297673133,-0.516636820204181,-0.523843251053403,-0.929773863674964,6.95274124718649,6.12955687705226,1.83775616962979,-0.916075149479414,2.34596165322939,0.931267552467578,0.245457990569093
"239","champion_NE",NA,NA,NA,NA,NA,NA,NA,NA,NA,NA,"NE76",58.8,-0.471828809485858,NA,NA,NA,NA,NA,NA,NA,NA,NA,NA,NA,NA,NA,NA,NA,NA,"HR",0,1,NA,NA,NA,NA,NA,NA,NA,NA,NA,NA,NA,NA,NA,NA,NA,NA
"240","serenity_control",NA,NA,NA,NA,NA,NA,NA,NA,NA,NA,"CJ01",123.6,1.13528178723596,NA,NA,NA,NA,NA,NA,NA,NA,NA,NA,NA,NA,NA,NA,NA,NA,"CN",0,0,NA,NA,NA,NA,NA,NA,NA,NA,NA,NA,NA,NA,NA,NA,NA,NA
"241","serenity_control",NA,NA,NA,NA,NA,NA,NA,NA,NA,NA,"CJ02",81.6,0.0936360301014496,NA,NA,NA,NA,NA,NA,NA,NA,NA,NA,NA,NA,NA,NA,NA,NA,"CN",0,0,NA,NA,NA,NA,NA,NA,NA,NA,NA,NA,NA,NA,NA,NA,NA,NA
"242","serenity_control",NA,NA,NA,NA,NA,NA,NA,NA,NA,NA,"CJ03",151.2,1.81979185621007,NA,NA,NA,NA,NA,NA,NA,NA,NA,NA,NA,NA,NA,NA,NA,NA,"CN",0,0,NA,NA,NA,NA,NA,NA,NA,NA,NA,NA,NA,NA,NA,NA,NA,NA
"243","serenity_control",NA,NA,NA,NA,NA,NA,NA,NA,NA,NA,"CJ04",135.6,1.43289486070297,NA,NA,NA,NA,NA,NA,NA,NA,NA,NA,NA,NA,NA,NA,NA,NA,"CN",0,0,NA,NA,NA,NA,NA,NA,NA,NA,NA,NA,NA,NA,NA,NA,NA,NA
"244","serenity_control",NA,NA,NA,NA,NA,NA,NA,NA,NA,NA,"CJ05",72,-0.144454428672153,NA,NA,NA,NA,NA,NA,NA,NA,NA,NA,NA,NA,NA,NA,NA,NA,"CN",0,0,NA,NA,NA,NA,NA,NA,NA,NA,NA,NA,NA,NA,NA,NA,NA,NA
"245","serenity_control",NA,NA,NA,NA,NA,NA,NA,NA,NA,NA,"CJ06",183.6,2.62334715457098,NA,NA,NA,NA,NA,NA,NA,NA,NA,NA,NA,NA,NA,NA,NA,NA,"CN",0,0,NA,NA,NA,NA,NA,NA,NA,NA,NA,NA,NA,NA,NA,NA,NA,NA
"246","serenity_control",NA,NA,NA,NA,NA,NA,NA,NA,NA,NA,"CJ07",25.2,-1.30514541519347,NA,NA,NA,NA,NA,NA,NA,NA,NA,NA,NA,NA,NA,NA,NA,NA,"CN",0,0,NA,NA,NA,NA,NA,NA,NA,NA,NA,NA,NA,NA,NA,NA,NA,NA
"247","serenity_control",NA,NA,NA,NA,NA,NA,NA,NA,NA,NA,"CJ08",15.6,-1.54323587396707,NA,NA,NA,NA,NA,NA,NA,NA,NA,NA,NA,NA,NA,NA,NA,NA,"CN",0,0,NA,NA,NA,NA,NA,NA,NA,NA,NA,NA,NA,NA,NA,NA,NA,NA
"248","serenity_control",NA,NA,NA,NA,NA,NA,NA,NA,NA,NA,"CJ09",115.2,0.926952635809061,NA,NA,NA,NA,NA,NA,NA,NA,NA,NA,NA,NA,NA,NA,NA,NA,"CN",0,0,NA,NA,NA,NA,NA,NA,NA,NA,NA,NA,NA,NA,NA,NA,NA,NA
"249","serenity_control",NA,NA,NA,NA,NA,NA,NA,NA,NA,NA,"CJ10",72,-0.144454428672153,NA,NA,NA,NA,NA,NA,NA,NA,NA,NA,NA,NA,NA,NA,NA,NA,"CN",0,0,NA,NA,NA,NA,NA,NA,NA,NA,NA,NA,NA,NA,NA,NA,NA,NA
"250","serenity_control",NA,NA,NA,NA,NA,NA,NA,NA,NA,NA,"CJ11",61.2,-0.412306194792457,NA,NA,NA,NA,NA,NA,NA,NA,NA,NA,NA,NA,NA,NA,NA,NA,"CN",0,0,NA,NA,NA,NA,NA,NA,NA,NA,NA,NA,NA,NA,NA,NA,NA,NA
"251","serenity_control",NA,NA,NA,NA,NA,NA,NA,NA,NA,NA,"CJ12",177.6,2.47454061783748,NA,NA,NA,NA,NA,NA,NA,NA,NA,NA,NA,NA,NA,NA,NA,NA,"CN",0,0,NA,NA,NA,NA,NA,NA,NA,NA,NA,NA,NA,NA,NA,NA,NA,NA
"252","serenity_control",NA,NA,NA,NA,NA,NA,NA,NA,NA,NA,"CJ13",105.6,0.688862177035458,NA,NA,NA,NA,NA,NA,NA,NA,NA,NA,NA,NA,NA,NA,NA,NA,"CN",0,0,NA,NA,NA,NA,NA,NA,NA,NA,NA,NA,NA,NA,NA,NA,NA,NA
"253","serenity_control",NA,NA,NA,NA,NA,NA,NA,NA,NA,NA,"CJ14",43.2,-0.858725804992963,NA,NA,NA,NA,NA,NA,NA,NA,NA,NA,NA,NA,NA,NA,NA,NA,"CN",0,0,NA,NA,NA,NA,NA,NA,NA,NA,NA,NA,NA,NA,NA,NA,NA,NA
"254","starfish_control",NA,NA,NA,NA,NA,NA,NA,NA,NA,NA,"SC1",63,-0.367664233772406,210.8644735,0.24696,233.2310523,396.0110833,349.8028261,0.126788021,858.9925999,1507.890786,-0.0156128815518849,-0.340548800120262,0.615942802633356,0.734598974328714,0.162648094666245,-0.124479079934083,1.20240671982568,0.228689568678102,"CN",0,0,138.9383526,-0.120171979,1111.8797027,625.7615476,0.417921025586858,-0.0784773733531709,0.0955139116263883,1.25172195251961,0.730225895038473,-0.961858942748272,1.92891922721821,1.88088582156822,0.0671999558979353,-0.402656086080523,-0.428993912990084,0.281000164765875
"255","starfish_control",NA,NA,NA,NA,NA,NA,NA,NA,NA,NA,"SC2",53,-0.615675128328243,505.8763715,1.375127141,779.571941,941.8708988,550.6102749,1.103497828,990.1197096,4287.977953,1.5099663343607,-0.0471281426368727,4.51567549139902,2.40972732364017,0.890011105274729,-0.0930960713498099,1.55482621169281,1.92683347291641,"CN",0,0,44.7339034,-0.271629313,3346.1070542,210.5477686,-0.226923322621922,-0.0833122443128363,1.60818808959977,-0.161638253607839,0.122246676972889,-0.31748122298913,2.18669625818455,0.344920798728078,-0.292927102297544,-0.178873710617203,-0.34551988091844,-0.984753996196885
"256","starfish_control",NA,NA,NA,NA,NA,NA,NA,NA,NA,NA,"SC3",42,-0.888487112339663,297.9312075,0.24696,330.337837,518.1185626,414.8606425,0.293830114,1773.045608,5513.627765,0.434630653330188,-0.340548800120262,1.30908239812767,1.10932100813703,0.398299956602146,-0.11911179130753,3.65903142078351,2.67548976746871,"CN",0,0,116.929435,0.046870114,4995.5092024,1442.707771,0.26726650507242,-0.0731450005775652,2.72490883737903,4.03255279459931,0.477647546404139,0.250704874037087,3.41164769471184,2.42421551617064,-0.0824109106493862,0.0184484974586543,0.0511470956371071,0.728745921662064
"257","starfish_control",NA,NA,NA,NA,NA,NA,NA,NA,NA,NA,"SC4",50,-0.690078396694994,195.1190918,0.000990219,259.351785,190.8790443,293.0802409,0.24122579,1296.071949,1158.857495,-0.0970361300072078,-0.404522135488009,0.802390270270424,0.105092122709293,-0.0428119646449026,-0.120802039464997,2.37710875106735,0.0154916652010395,"CN",0,0,97.9611491,0.240235571,967.9784507,1036.720164,0.137425589259037,-0.0669723246961073,-0.00191382236509603,2.65059786695538,0.586940758523115,7.92842081043806,2.60197253873693,2.32116360469131,-0.0176727719242309,2.68480001411664,-0.211044030097007,0.643823163779896
"258","starfish_control",NA,NA,NA,NA,NA,NA,NA,NA,NA,NA,"SC5",70,-0.194056607583321,174.6768962,0.24696,215.3523597,345.5147628,305.6635258,0.114508812,1623.96265,1994.774664,-0.202747760441109,-0.340548800120262,0.488326284436239,0.579636444383208,0.00276710148488079,-0.124873627545557,3.25835347993198,0.526089916160663,"CN",0,0,130.9866296,-0.132451188,1649.2599012,1408.6102903,0.363490224508816,-0.0788693543119917,0.459344902004074,3.91648722840677,0.807255607173546,-1.1088187631974,2.52940652526149,2.91474741497969,0.112827310913639,-0.453692949568077,-0.234542546289283,1.13298220489098
"259","starfish_control",NA,NA,NA,NA,NA,NA,NA,NA,NA,NA,"SC6",49,-0.714879486150578,90.11922942,0.24696,215.6358189,205.2869291,121.878028,0.055069414,999.9732665,1361.175796,-0.640016290490802,-0.340548800120262,0.490349591003685,0.149306874549903,-0.66293914489609,-0.126783495885476,1.58130880193465,0.139072534764113,"CN",0,0,31.75879858,-0.191890586,1155.8888669,784.3374476,-0.315739966439139,-0.0807667983753488,0.125310130097546,1.79150381440923,0.43553117963406,-2.16495422626726,2.72913972598027,2.21329268446256,-0.107357887151393,-0.820472395054134,-0.169864419071859,0.554929169388051
"260","starfish_control",NA,NA,NA,NA,NA,NA,NA,NA,NA,NA,"SC7",54,-0.590874038872659,269.0617231,0.033321714,305.6920839,330.3806363,386.1505471,0.24696,1356.683829,2558.651052,0.285339436015446,-0.396113161165364,1.13316320373602,0.533193010332299,0.294306496450179,-0.120617791533458,2.54001028988402,0.870519134924837,"CN",0,0,117.088824,0.213638286,2228.2704157,1050.9917451,0.268357547976332,-0.0678213719984482,0.851361521741187,2.69917738388239,0.521226248579252,2.88974287109406,2.95318236891683,2.1499334460061,-0.0565977424555231,0.934945411939371,-0.0973143447235178,0.502716248833775
"261","starfish_control",NA,NA,NA,NA,NA,NA,NA,NA,NA,NA,"SC8",75,-0.0700511603054024,150.7313574,0.24696,173.9740276,209.0810409,229.7974383,0.151649567,559.8134114,737.7317984,-0.326576041790997,-0.340548800120262,0.192971428824145,0.160950201382481,-0.272034386890418,-0.123680244798053,0.398327549396199,-0.241742008292408,"CN",0,0,79.0660809,-0.095310433,528.6507575,385.8393838,0.00808586017764824,-0.0776837348835555,-0.299358778772994,0.435042795822088,0.608383136181632,-0.703536009377212,1.81903417455783,1.68607410612072,-0.00497171215536669,-0.312944542844614,-0.46457717801405,0.120460220323642
"262","starfish_control",NA,NA,NA,NA,NA,NA,NA,NA,NA,NA,"SC9",67,-0.268459875950072,393.8990079,0.250375531,300.2708984,330.285844,371.8811118,0.114508812,1512.974325,959.5903455,0.930903795802183,-0.33966046778434,1.09446726363072,0.532902112807847,0.242619870871721,-0.124873627545557,2.96005933473826,-0.106225487863452,"CN",0,0,-22.0178961,-0.135866719,629.3045015,1212.7034266,-0.683849943454399,-0.07897838601886,-0.23121158714412,3.24963323833046,-0.0829843093502696,-1.12863495086119,1.53870350539404,2.33305094146486,-0.414492493282903,-0.460574803816059,-0.55535458816856,0.653619250123103
"263","starfish_control",NA,NA,NA,NA,NA,NA,NA,NA,NA,NA,"SC10",73,-0.11965333921657,58.34254208,0.24696,223.1117204,287.6767049,109.1406654,0.078394306,866.6412107,2386.824839,-0.804341370547257,-0.340548800120262,0.543711911233667,0.402143674799756,-0.709076309943066,-0.126034035523128,1.22296325872746,0.765563563870146,"CN",0,0,50.79812332,-0.168565694,2099.1481341,643.5294903,-0.185412778534933,-0.0800222134814398,0.763939827146769,1.31220285278601,0.903568591255442,-1.65545661182536,3.05257238950876,1.9576685390201,0.169876812924248,-0.643531785600225,-0.0651296084210242,0.344275071850045
"264","starfish_control",NA,NA,NA,NA,NA,NA,NA,NA,NA,NA,"SC11",81,0.0787553764280996,84.08354736,0.24696,324.5732129,980.1693317,189.665486,0.737893546,900.5492348,7317.035658,-0.671228289623774,-0.340548800120262,1.26793502383044,2.52725711583824,-0.417399998679039,-0.104843431966261,1.31409505177071,3.77705455173334,"CN",0,0,105.58193864,0.490933546,6336.8663263,575.9760219,0.189591098483813,-0.0589694612694052,3.63306900442825,1.08225532008997,1.17356173021145,1.57913530933694,2.90015637713392,1.47226121441271,0.329803060361707,0.479791758303075,-0.114485360008023,-0.0557381652661983
"265","starfish_control",NA,NA,NA,NA,NA,NA,NA,NA,NA,NA,"SC12",46,-0.789282754517329,214.3047221,0.24696,226.4749383,590.0689991,261.7737716,0.055069414,571.9349115,2394.03502,0.00217749164090188,-0.340548800120262,0.567718261582586,1.33012168351938,-0.156209987963498,-0.126783495885476,0.430905503075517,0.769967715315087,"CN",0,0,47.4690495,-0.191890586,1803.9660209,345.4599732,-0.208200815149204,-0.0807667983753488,0.564088025969294,0.297593956271605,0.288656914375597,-2.16495422626726,2.02048868672852,1.336499561253,-0.194356579706122,-0.820472395054134,-0.399341651222257,-0.167616284123575
"266","starfish_control",NA,NA,NA,NA,NA,NA,NA,NA,NA,NA,"SC13",29,-1.21090127526225,341.6853591,0.24696,324.7636908,2570.869783,484.0747692,1.014633187,784.7168443,10046.65688,0.660894152339467,-0.340548800120262,1.26929463814539,7.40878044027345,0.649006769890185,-0.0959514125897094,1.00278191221353,5.44437264666228,"CN",0,0,142.3894101,0.767673187,7475.787097,459.9531535,0.441544059775975,-0.0501352871932979,4.40417049481094,0.687321159686488,0.502561469489725,2.03860896138159,1.96638706759608,1.27278182314921,-0.0676535348011334,0.639359822443765,-0.416860978967092,-0.2201246361581
"267","starfish_control",NA,NA,NA,NA,NA,NA,NA,NA,NA,NA,"SC14",47,-0.764481665061745,113.9339145,0.005731281,360.1929446,1676.890552,187.7759146,0.24696,982.0587925,5628.121484,-0.516864685969579,-0.403289050886753,1.52218550178035,4.66534721617353,-0.424244387920957,-0.120617791533458,1.53316155123576,2.74542527643451,"CN",0,0,73.8420001,0.241228719,3951.230932,621.8658479,-0.02767379880952,-0.0669406210981564,2.01788465150455,1.23846124873405,0.720814769733241,5.42927594569972,1.7468649401923,1.4470394740932,0.06162542181885,1.8168858120751,-0.487947208157663,-0.0765228330687938
"268","starfish_control",NA,NA,NA,NA,NA,NA,NA,NA,NA,NA,"SC15",92,0.35156736043952,268.1206799,0.24696,151.1184186,246.2198938,381.8409222,0.189599541,975.3467739,1330.11273,0.280473069753853,-0.340548800120262,0.0298301238578802,0.274921487758842,0.278696210275092,-0.122460860748381,1.5151222137576,0.12009846920207,"CN",0,0,113.7202423,-0.057360459,1083.8928362,824.2283553,0.245299073677387,-0.0764722832993579,0.0765655220417224,1.92728982243929,0.510089228474396,-0.381321916434067,2.43352928560134,2.6902357349112,-0.0631945835452347,-0.201044592061821,-0.26558976468702,0.947967188920134
"269","starfish_control",NA,NA,NA,NA,NA,NA,NA,NA,NA,NA,"SC16",55,-0.566072949417076,227.3164208,0.24696,157.4736932,193.6291358,261.3386883,0.24696,474.6296671,1098.200936,0.0694641917198147,-0.340548800120262,0.0751935089097926,0.113531572003854,-0.157785942943478,-0.120617791533458,0.169386242368016,-0.021558815496324,"CN",0,0,34.0222675,0,904.5718002,317.1559739,-0.300246163834238,-0.074641203812298,-0.0448430268879657,0.201249017090578,0.201218810705687,0,2.50377408646779,1.59169144111015,-0.246149183981355,-0.0686174120722067,-0.242842909630108,0.0426815930870798
"270","firefly_NE",NA,NA,NA,NA,NA,NA,NA,NA,NA,NA,"4",NA,NA,660.149491,6.124034467,95.31543428,29.12431695,639.502779,0.24696,232.912783,38.95215173,2.30775064841301,1.18799691931758,-0.368486616815134,-0.391298931779548,1.21199676760492,-0.120617791533458,-0.480256243195203,-0.668573372245271,"HR",0,1,-20.646712,-5.877074467,9.82783478,137.59734872,-0.674463971509894,-0.262251112938845,-0.650625644077603,-0.409956651727957,-0.0458421316385031,-4.63213310938996,0.41947881068294,1.28900806992132,-0.392491900504633,-1.67728530808364,-0.917784854788741,-0.206752951866336
"271","firefly_NE",NA,NA,NA,NA,NA,NA,NA,NA,NA,NA,"18",NA,NA,566.3560579,2.573155302,401.2574064,375.434802,1318.10358,416.2978584,1208.985567,5213.664949,1.82272169501653,0.264462399144591,1.81529997909703,0.671454717964165,3.6700187412235,13.2476609156156,2.14305388199258,2.49226528676359,"HR",0,1,751.7475221,413.724703098,4838.230147,807.7281606,4.61269667406644,13.1324151960098,2.61842371818116,1.87112425240811,1.2186825056178,7.33793379336424,3.79566357627566,1.59119709481565,0.3565296517118,2.47973304282157,0.175500122334294,0.0422742134463218
"272","firefly_NE",NA,NA,NA,NA,NA,NA,NA,NA,NA,NA,"126T",NA,NA,228.4341087,5.732790305,203.7222532,532.9807554,239.3883206,0.24696,665.4460433,6501.878266,0.0752440312506155,1.08623972831411,0.405311618263632,1.15492993516421,-0.237294375671673,-0.120617791533458,0.682227641024513,3.27913687035598,"HR",0,1,10.9542119,-5.485830305,5968.8975106,461.7237901,-0.458150651405149,-0.249761687785009,3.38393727419715,0.69334828941224,0.0675746838733016,-4.53688821567341,3.60870119791639,1.70771811323439,-0.325311209279494,-1.6442082355638,0.114957476199968,0.138296558818754
"273","champion_CP",NA,NA,NA,NA,NA,NA,NA,NA,NA,NA,"CN25",NA,NA,91.89,0.17,22.48,5.53,NA,NA,NA,NA,-0.630859199501213,-0.360565030853507,-0.888379470959769,-0.463704901377039,NA,NA,NA,NA,"CP",1,1,NA,NA,NA,NA,NA,NA,NA,NA,NA,NA,NA,NA,NA,NA,NA,NA
"274","champion_CP",NA,NA,NA,NA,NA,NA,NA,NA,NA,NA,"CN26",NA,NA,35.91,0.08,43.88,3.17,NA,NA,NA,NA,-0.920345573053464,-0.383972785089371,-0.735628173618356,-0.470947242344662,NA,NA,NA,NA,"CP",1,1,NA,NA,NA,NA,NA,NA,NA,NA,NA,NA,NA,NA,NA,NA,NA,NA
"275","champion_CP",NA,NA,NA,NA,NA,NA,NA,NA,NA,NA,"CN19(4)",NA,NA,57.96,0.26,188.37,17.49,NA,NA,NA,NA,-0.806319589901853,-0.337157276617643,0.295728599879807,-0.427002190371625,NA,NA,NA,NA,"CP",1,1,NA,NA,NA,NA,NA,NA,NA,NA,NA,NA,NA,NA,NA,NA,NA,NA
"276","champion_CP",NA,NA,NA,NA,NA,NA,NA,NA,NA,NA,"CN22",NA,NA,130.9,0.21,42.21,6.91,NA,NA,NA,NA,-0.429128877381289,-0.350161584526457,-0.747548485139859,-0.459469973184107,NA,NA,NA,NA,"CP",1,1,NA,NA,NA,NA,NA,NA,NA,NA,NA,NA,NA,NA,NA,NA,NA,NA
"277","champion_CP",NA,NA,NA,NA,NA,NA,NA,NA,NA,NA,"UNLABELLED_1",NA,NA,128.61,0.16,33.31,3.58,NA,NA,NA,NA,-0.440971031640572,-0.36316589243527,-0.811075893847269,-0.469689039040965,NA,NA,NA,NA,"CP",1,1,NA,NA,NA,NA,NA,NA,NA,NA,NA,NA,NA,NA,NA,NA,NA,NA
"278","champion_CP",NA,NA,NA,NA,NA,NA,NA,NA,NA,NA,"CN15(5)",NA,NA,77.56,0.22,104.93,19.75,NA,NA,NA,NA,-0.704963160433756,-0.347560722944694,-0.299858701529887,-0.420066728258562,NA,NA,NA,NA,"CP",1,1,NA,NA,NA,NA,NA,NA,NA,NA,NA,NA,NA,NA,NA,NA,NA,NA
"279","champion_CP",NA,NA,NA,NA,NA,NA,NA,NA,NA,NA,"UNLABELLED_2",NA,NA,95.54,0.35,64.97,26.98,60.88,1.38,124.3,122.9,-0.61198415013598,-0.31374952238178,-0.585089628715067,-0.397879387073851,-0.883885676274266,-0.0842116821737666,-0.772165840552364,-0.617296013568976,"CP",1,1,-34.66,1.03,95.92,59.33,-0.770387143327791,-0.0417612041652997,-0.592337307769,-0.676373523505105,-0.65013651796772,1.9792414398332,2.18752266231176,0.935980686093433,-0.750436305784137,0.618742404134463,-0.345252272573507,-0.497674863087784
"280","champion_CP",NA,NA,NA,NA,NA,NA,NA,NA,NA,NA,"CN18(3)",NA,NA,143.1,0.3,99.11,6.95,202.84,1.05,356.54,254.3,-0.3660396712838,-0.326753830290593,-0.341401344077879,-0.459347221642283,-0.369679387598084,-0.0948150290006201,-0.147993592887675,-0.537033742779208,"CP",1,1,59.74,0.75,247.35,257.43,-0.124204218977028,-0.0506994564965225,-0.489812266789297,-0.00205424270434009,0.503318507452605,1.8073549220576,5.1933746739666,1.84696140590358,-0.0672051151078062,0.559048885754716,0.62811058401185,0.253043818334005
"281","champion_CP",NA,NA,NA,NA,NA,NA,NA,NA,NA,NA,"CN20",NA,NA,59.47,0.18,69.24,7.59,49.28,0.25,66.22,6.2,-0.798511007835689,-0.357964169271744,-0.554610748357692,-0.457383196973096,-0.925903096312612,-0.120520112217235,-0.928262654815046,-0.688579171873131,"CP",1,1,-10.19,0.07,-1.39,-3.02,-0.602886124695766,-0.0724066407294923,-0.658220631666079,-0.888608794367941,-0.271159819681302,0.473931188332412,-0.291831670141229,-0.0643387139696392,-0.525955337647162,0.0959715299086304,-1.14812327426168,-1.32201553757812
"282","champion_CP",NA,NA,NA,NA,NA,NA,NA,NA,NA,NA,"UNLABELLED_3",NA,NA,52.11,0.27,150.71,16.81,75.39,1.34,222,75.1,-0.83657138135024,-0.334556415035881,0.0269148682032837,-0.429088966582635,-0.831327679312506,-0.0854969363345974,-0.509585627854982,-0.646493399746685,"CP",1,1,23.28,1.07,58.29,71.29,-0.373778683191316,-0.040484310975125,-0.617814540101207,-0.635662475557719,0.532812917170262,2.3112016882943,2.15949318316547,0.558784529899993,-0.0497345590604676,0.734027043379573,-0.354328851787868,-0.808513714950554
"283","champion_CP",NA,NA,NA,NA,NA,NA,NA,NA,NA,NA,"CN24",NA,NA,142.38,0.19,28.5,4,NA,NA,NA,NA,-0.369762968692832,-0.355363307689982,-0.845409246193633,-0.468400147851812,NA,NA,NA,NA,"CP",1,1,NA,NA,NA,NA,NA,NA,NA,NA,NA,NA,NA,NA,NA,NA,NA,NA
"284","champion_CP",NA,NA,NA,NA,NA,NA,NA,NA,NA,NA,"CN23",NA,NA,106.8,0.31,71.84,13.5,84.17,1.19,133.05,76.19,-0.553755915655838,-0.32415296870883,-0.536052179521819,-0.439246656668582,-0.799524838973136,-0.0903166394377126,-0.748649188954595,-0.645827601609997,"CP",1,1,-22.63,0.88,62.69,61.21,-0.68803989142165,-0.0465495536284548,-0.614835538712376,-0.669974128008359,-0.343533624576313,1.94062145292107,2.49664224796031,0.889109255168436,-0.568824838236641,0.605330282413696,-0.2451523602203,-0.536300553023021
"285","champion_control",NA,NA,NA,NA,NA,NA,NA,NA,NA,NA,"CONNA",NA,NA,NA,NA,NA,NA,60.11,0.68,258.27,151.95,NA,NA,NA,NA,-0.88667476363888,-0.106703629988304,-0.41210574746057,-0.599551576990264,"CN",0,0,NA,NA,NA,NA,NA,NA,NA,NA,NA,NA,NA,NA,NA,NA,NA,NA
"286","serenity_cp",NA,NA,NA,NA,NA,NA,NA,NA,NA,NA,"TUH03",NA,NA,30.71,0.08,70.96,1.8,83.33,0.49,290.2,468.02,-0.947236054340918,-0.383972785089371,-0.542333541281653,-0.475151482652139,-0.802567479734534,-0.11280858725225,-0.326290126258652,-0.406488442070005,"CP",1,1,52.62,0.41,466.22,219.24,-0.172941744627213,-0.0615530486130074,-0.341627259068057,-0.132050473566436,1.44012746778396,2.61470984411521,8.02242946534533,2.03196960465304,0.487699139759179,0.839430712686266,1.54422250252805,0.405504905596491
"287","serenity_cp",NA,NA,NA,NA,NA,NA,NA,NA,NA,NA,"TUH07",NA,NA,110.25,0.08,170.51,17.62,144.1,0.41,369.73,328.39,-0.535915115570893,-0.383972785089371,0.168245507799544,-0.426603247860697,-0.582446909412954,-0.115379095573912,-0.112543920364866,-0.491777794203759,"CP",1,1,33.85,0.33,310.77,199.22,-0.301425362106702,-0.0641068349933568,-0.446874024043919,-0.200197227739234,0.386291679729864,2.35755200461808,4.2201243660454,1.11661575665777,-0.136524141063713,0.75012378845991,0.312950124941472,-0.348817572210267
"288","serenity_cp",NA,NA,NA,NA,NA,NA,NA,NA,NA,NA,"TUH14",NA,NA,115.84,0.06,30.06,3.03,158.48,0.06,121.95,211.51,-0.507007848186879,-0.389174508252896,-0.834274104892109,-0.471376872741047,-0.530359797330934,-0.126625069481181,-0.778481741267194,-0.563170900824065,"CP",1,1,42.64,0,208.48,91.89,-0.241256422434634,-0.074641203812298,-0.516129035876539,-0.565541439795499,0.452167277806281,0,6.12526427034067,2.02037284376718,-0.0975037524760739,-0.0686174120722067,0.929877509340108,0.395948276293939
"289","serenity_cp",NA,NA,NA,NA,NA,NA,NA,NA,NA,NA,"TUH21",NA,NA,149.45,0.08,36.69,3.7,280.15,0.12,162.81,367.83,-0.333202256634697,-0.383972785089371,-0.786949754360634,-0.469320784415493,-0.0896477718080329,-0.124697188239934,-0.668665697348923,-0.467686896487257,"CP",1,1,130.7,0.04,364.13,126.12,0.361528199581554,-0.0733643106221233,-0.41074686174664,-0.449024786681869,0.906536595552096,0.584962500721156,6.63537006894666,2.14973050481501,0.171634864226505,0.134530980484374,1.0950613026096,0.502549009571666
"290","serenity_cp",NA,NA,NA,NA,NA,NA,NA,NA,NA,NA,"Y1",NA,NA,55.45,0.11,48.3,19.23,59.72,0.1,150.69,578.5,-0.819299418369452,-0.376170200344083,-0.704078606597373,-0.421662498302276,-0.8880874182781,-0.12533981532035,-0.701239619333491,-0.339004608912824,"CP",1,1,4.27,-0.01,559.27,102.39,-0.50390513861407,-0.0749604271098417,-0.278628150151982,-0.529800135159416,0.107026705085469,-0.137503523749935,4.91088629154232,1.64148858666985,-0.301942416536531,-0.116370250563952,0.536634457508438,0.0837182985191501
"291","serenity_cp",NA,NA,NA,NA,NA,NA,NA,NA,NA,NA,"Y2",NA,NA,182.62,0.14,29.9,57.11,235.05,0.58,145.39,1179.96,-0.161672013499146,-0.368367615598795,-0.835416170666625,-0.305416788194828,-0.253008603164019,-0.109916765390381,-0.715483991158426,0.0283815812638435,"CP",1,1,52.43,0.44,1122.85,115.49,-0.17424232466563,-0.0605953787203764,0.102941305011068,-0.485208602708684,0.364122906881128,2.05062607306997,4.36885075902202,2.28171065381678,-0.149655469754882,0.643533178718153,0.361111094329206,0.611310876072102
"292","serenity_cp",NA,NA,NA,NA,NA,NA,NA,NA,NA,NA,"Y3",NA,NA,79.57,0.03,71.64,28.91,114.67,0.48,343.42,2018.36,-0.694568955166874,-0.396977092998184,-0.537479761739963,-0.391956625180837,-0.689048001803345,-0.113129900792458,-0.183255132197703,0.540496404933111,"CP",1,1,35.1,0.45,1989.45,271.78,-0.292868914485532,-0.0602761554228327,0.689669169456752,0.0467922069649734,0.527191498298488,4,6.12547110123845,2.26113681862924,-0.0530643193236847,1.32052047150928,0.929944485862143,0.594356442144019
"293","serenity_cp",NA,NA,NA,NA,NA,NA,NA,NA,NA,NA,"Y4",NA,NA,76.8,NA,71.39,18.27,90.91,0.18,200.23,579,-0.708893307698845,NA,-0.539264239512643,-0.424608535306055,-0.775111269054304,-0.122769306998688,-0.568095057030233,-0.338699196923517,"CP",1,1,14.11,NA,560.73,128.84,-0.43654878294022,NA,-0.277639663327506,-0.439766086814236,0.24333268706927,NA,4.98601480913647,1.4878642389587,-0.221203682633002,NA,0.56096277048357,-0.0428800643661086
"294","serenity_cp",NA,NA,NA,NA,NA,NA,NA,NA,NA,NA,"Y5",NA,NA,128.34,0.04,36.55,25.2,170.21,0.26,178.27,1051.34,-0.442367268168959,-0.394376231416421,-0.787949061913335,-0.403341830685025,-0.487871492412847,-0.120198798677027,-0.627115133497321,-0.0501825988653804,"CP",1,1,41.87,0.22,1026.14,141.72,-0.246527194169275,-0.0676182912663372,0.037464208576101,-0.395923419793974,0.407344910888076,2.70043971814109,5.38266176377935,2.28612062951462,-0.124053586187446,0.869203366627272,0.689406024286516,0.614945037661897
"295","serenity_cp",NA,NA,NA,NA,NA,NA,NA,NA,NA,NA,"Y6",NA,NA,89.12,0.02,49.33,15.85,127.44,0.41,238.86,770.5,-0.645183552033184,-0.399577954579947,-0.696726558173931,-0.432035003586414,-0.642792617847338,-0.115379095573912,-0.464272399747737,-0.221726405019098,"CP",1,1,38.32,0.39,754.65,189.53,-0.270827505413398,-0.0621914952080947,-0.146346947572478,-0.233181346017676,0.515997034185278,4.35755200461808,5.60324021126274,2.27562808481801,-0.0596951864806115,1.44469273025066,0.760834313806794,0.606298368036405
"296","serenity_cp",NA,NA,NA,NA,NA,NA,NA,NA,NA,NA,"Y7",NA,NA,102.23,0.12,74.54,11.25,154.19,0.23,310.88,748.79,-0.57738851171039,-0.37356933876232,-0.516779819576874,-0.446151430896189,-0.545898998362357,-0.12116273929765,-0.270710199968151,-0.23498739359479,"CP",1,1,51.96,0.11,737.54,236.34,-0.17745954897119,-0.0711297475393176,-0.15793120070041,-0.073843206016244,0.592890576403056,0.938599455335857,6.05656426147702,2.06027108185649,-0.0141484896030039,0.257343603156792,0.90763089286808,0.428827515160491
"297","serenity_cp",NA,NA,NA,NA,NA,NA,NA,NA,NA,NA,"Y8",NA,NA,72.43,0.02,55.45,22.74,93.55,0.55,296.87,1627.06,-0.73149165447311,-0.399577954579947,-0.653042542298723,-0.410891050507209,-0.765548683804197,-0.110880706011004,-0.308363718697837,0.301480982101784,"CP",1,1,21.12,0.53,1604.32,241.42,-0.388564224680698,-0.0577223690424833,0.428918531983908,-0.0565512224399294,0.369150278164819,4.78135971352466,6.16089138883306,2.42057194460497,-0.146677584364963,1.59187456619966,0.941414375989963,0.725743336445969
"298","serenity_cp",NA,NA,NA,NA,NA,NA,NA,NA,NA,NA,"Y9",NA,NA,63.88,0.1,101.73,22.55,79.15,0.13,393.05,2233.13,-0.775705811205367,-0.378771061925845,-0.322700017020192,-0.411474120330873,-0.817708239713869,-0.124375874699727,-0.0498686843351531,0.671683070819858,"CP",1,1,15.27,0.03,2210.58,291.32,-0.428608399547774,-0.073683533919667,0.839384300618619,0.113305072925836,0.30922503761331,0.37851162325373,6.6297959953166,1.94996765959898,-0.182173370981049,0.0628337967372135,1.09325629151446,0.337928950665373
"299","serenity_cp",NA,NA,NA,NA,NA,NA,NA,NA,NA,NA,"Y10",NA,NA,124.42,0.08,27.37,7.13,169.84,0.4,130,382.72,-0.462638554062579,-0.383972785089371,-0.853475085726147,-0.458794839704074,-0.489211703224415,-0.115700409114119,-0.756846421797246,-0.458591727445707,"CP",1,1,45.42,0.32,375.59,102.63,-0.222226882925152,-0.0644260582909005,-0.402987917220275,-0.528983191053449,0.448957864990138,2.32192809488736,5.74624340775422,2.24784428343822,-0.0994047983698627,0.737752157817852,0.807141982746606,0.58340236345239
"300","serenity_control",NA,NA,NA,NA,NA,NA,NA,NA,NA,NA,"C1",NA,NA,71.29,0.01,99.4,6.53,84.28,0.19,240.7,185.95,-0.737386875370744,-0.402178816161709,-0.33933134986157,-0.460636112831436,-0.799126397921049,-0.122447993458481,-0.459327183868891,-0.578783561717417,"CN",0,0,12.99,0.18,179.42,141.3,-0.444215360008788,-0.0688951844565119,-0.535803985958228,-0.397353071979418,0.241490593197292,4.24792751344359,4.83168794595292,1.27591838491221,-0.222294818361533,1.40662184683595,0.510988242192172,-0.217539866294466
"301","serenity_control",NA,NA,NA,NA,NA,NA,NA,NA,NA,NA,"C2",NA,NA,57.6,0.42,30.79,4.04,71.36,0.68,113.22,74.3,-0.80818123860637,-0.295543491309441,-0.829063429795884,-0.468277396309988,-0.845925110584449,-0.106703629988304,-0.801944640518454,-0.646982058929575,"CN",0,0,13.76,0.26,70.26,82.43,-0.438944588274147,-0.0663413980761625,-0.609710302232046,-0.597742653305723,0.30904680359063,0.695145418471579,4.20093501267416,1.87859505627678,-0.182278945139427,0.172795796777038,0.306736178366249,0.279112396713665
"302","serenity_control",NA,NA,NA,NA,NA,NA,NA,NA,NA,NA,"C3",NA,NA,62.04,0.1,22.98,5.37,80.1,1.04,104.98,106.56,-0.785220904584005,-0.378771061925845,-0.884810515414408,-0.464195907544335,-0.814267157900384,-0.0951363425408278,-0.82409060728024,-0.627276877379515,"CN",0,0,18.06,0.94,101.19,82,-0.409510408457322,-0.0446342138431927,-0.588769276560104,-0.599206344828915,0.368603556259982,3.37851162325373,4.31060008908585,2.19166379956466,-0.147001426603956,1.10468720942333,0.342248210106283,0.537105292770164
"303","serenity_control",NA,NA,NA,NA,NA,NA,NA,NA,NA,NA,"C4",NA,NA,45.89,0.03,30.21,3.38,52.82,0.24696,142.4,287.26,-0.868736533967157,-0.396977092998184,-0.833203418228501,-0.470302796750086,-0.913080538818151,-0.120617791533458,-0.72351996696155,-0.516900984444118,"CN",0,0,6.93,0.21696,283.88,112.19,-0.48569701807622,-0.0677153351487905,-0.465079784804298,-0.496441584165739,0.20290449475482,3.04124298223188,6.40919005963489,2.23685105712582,-0.245150695184989,0.987559047876458,1.02181910069394,0.574343093390628
"304","serenity_control",NA,NA,NA,NA,NA,NA,NA,NA,NA,NA,"C5",NA,NA,99.13,0.19,42.79,5.49,109.78,0.49,158.06,283.72,-0.593419375554834,-0.355363307689982,-0.743408496707241,-0.463827652918863,-0.706760517664338,-0.11280858725225,-0.681431879644855,-0.519063301328409,"CN",0,0,10.65,0.3,278.23,115.27,-0.460233029955618,-0.0650645048859878,-0.468905093405865,-0.485957468139155,0.147221608828447,1.36678233067162,5.69151789324961,1.88512672920712,-0.278133588850832,0.406044866464232,0.789420623571315,0.284495001178399
"305","serenity_control",NA,NA,NA,NA,NA,NA,NA,NA,NA,NA,"C6",NA,NA,47.54,0.08,23.11,2.5,53.59,0.06,128.99,94.09,-0.860203977404791,-0.383972785089371,-0.883882586972615,-0.473003330670217,-0.910291451453537,-0.126625069481181,-0.75956091529596,-0.634893852392821,"CN",0,0,6.05,-0.02,91.59,105.88,-0.491720757201524,-0.0752796504073854,-0.595268915953917,-0.517920406285137,0.172821912768859,-0.415037499278843,5.23404139971217,2.48067005957049,-0.262969645951099,-0.212753490410999,0.641279389457428,0.775268838623726
"306","serenity_control",NA,NA,NA,NA,NA,NA,NA,NA,NA,NA,"C7",NA,NA,179.32,0.06,22.76,4.48,186.57,0.42,153.47,106.15,-0.178737126623876,-0.389174508252896,-0.886380855854367,-0.466927129349922,-0.428612441393248,-0.115057782033704,-0.693768043168714,-0.627527315210746,"CN",0,0,7.25,0.36,101.67,130.71,-0.483506567485201,-0.0631491651007258,-0.588444294590413,-0.433400730655238,0.0571806185010386,2.8073549220576,4.56646182873514,2.7533842053388,-0.331467972658864,0.906333356650089,0.425102027536509,1.00000642029167
"307","serenity_control",NA,NA,NA,NA,NA,NA,NA,NA,NA,NA,"C8",NA,NA,96.57,0.12,28.89,4.27,124.44,0.24696,122.34,128.53,-0.606657766342504,-0.37356933876232,-0.842625460868252,-0.467571574944499,-0.653659191995186,-0.120617791533458,-0.777433570510265,-0.613857074569384,"CN",0,0,27.87,0.12696,124.26,93.45,-0.34235940752638,-0.0705883448266835,-0.573149830641847,-0.56023130310671,0.365803317335548,1.04124298223188,4.91172525600005,2.08225407217314,-0.148660104690535,0.292990106085712,0.536906133172437,0.446943202073884
"308","serenity_control",NA,NA,NA,NA,NA,NA,NA,NA,NA,NA,"C9",NA,NA,47.64,0.13,111.5,115.55,53.01,0.16,88.94,4.18,-0.859686852764648,-0.370968477180558,-0.252962625663856,-0.126076785589779,-0.912392322455454,-0.123411934079104,-0.867199989180609,-0.68981303630993,"CN",0,0,5.37,0.03,-111.37,-22.56,-0.496375464707441,-0.073683533919667,-0.732682125471453,-0.955121660328804,0.154091127408659,0.299560281858908,-4.78887050727411,-0.326139400343521,-0.274064536087183,0.0354152219144328,-2.60436614706934,-1.53775958330378
"309","serenity_control",NA,NA,NA,NA,NA,NA,NA,NA,NA,NA,"C10",NA,NA,113.88,0.21,46.06,2.97,154.19,0.2,150.34,71.45,-0.517143491133689,-0.350161584526457,-0.720067527440586,-0.471561000053783,-0.545898998362357,-0.122126679918273,-0.702180285397402,-0.648722907268623,"CN",0,0,40.31,-0.00999999999999998,68.48,104.28,-0.257205640800495,-0.0749604271098417,-0.610915443702982,-0.523366700324921,0.437194804036596,-0.0703893278913976,4.58839917518241,1.70664259270471,-0.106372465044476,-0.0930625325656516,0.432205836413669,0.137410246588074
"310","serenity_control",NA,NA,NA,NA,NA,NA,NA,NA,NA,NA,"C11",NA,NA,122.95,0.08,27.37,2.77,145.04,0.16,132,43.72,-0.470240286272686,-0.383972785089371,-0.853475085726147,-0.472174757762904,-0.579042049513294,-0.123411934079104,-0.751471187146327,-0.665661056195566,"CN",0,0,22.09,0.08,40.95,104.63,-0.38192442132667,-0.0720874174319486,-0.629554513756282,-0.522175323503719,0.238379095260713,1,3.98033551962272,2.26987058976822,-0.224137865895372,0.278667058823166,0.235301073815102,0.601553746116225
"311","serenity_control",NA,NA,NA,NA,NA,NA,NA,NA,NA,NA,"C12",NA,NA,52.55,0.13,32.85,1.73,56.46,0.3,94.48,21.44,-0.834296032933609,-0.370968477180558,-0.814359332949,-0.475366297850331,-0.899895762185429,-0.118913544516196,-0.852310589197564,-0.679270214439067,"CN",0,0,3.91,0.17,19.71,61.63,-0.506369395528967,-0.0692144077540556,-0.643934965915094,-0.668544475822916,0.103538364600152,1.20645087746743,3.63146096282105,1.52411559418747,-0.304008680908129,0.350364242570327,0.122327602772039,-0.0130061394791296
"312","serenity_control",NA,NA,NA,NA,NA,NA,NA,NA,NA,NA,"C13",NA,NA,60.74,0.05,28.06,2.54,76.3,0.01,89.69,34.2,-0.791943524905868,-0.391775369834659,-0.84854992707355,-0.472880579128392,-0.828031485154325,-0.128231637182219,-0.865184276186514,-0.671476100471963,"CN",0,0,15.56,-0.04,31.66,61.63,-0.426623303699662,-0.0759180970024727,-0.635844268961337,-0.668544475822916,0.329036148554433,-2.32192809488736,3.75109592300109,1.67643213165332,-0.170438566746275,-0.874986981962265,0.161068108338118,0.112514486455663
"313","serenity_control",NA,NA,NA,NA,NA,NA,NA,NA,NA,NA,"C14",NA,NA,37.69,0.06,25.85,2.8,35.85,0.55,116.96,74.55,-0.911140754458912,-0.389174508252896,-0.864324710584041,-0.472082694106536,-0.974549126581146,-0.110880706011004,-0.791892951721236,-0.646829352934922,"CN",0,0,-1.84,0.49,71.75,91.11,-0.545729054586349,-0.058999262232658,-0.608701504034465,-0.568196508139894,-0.07220867607509,3.1963972128035,4.73470962022584,2.17777903075014,-0.40810971407553,1.0414417027477,0.479584467225683,0.525663167695927
"314","serenity_control",NA,NA,NA,NA,NA,NA,NA,NA,NA,NA,"O1",NA,NA,140.47,0.1,164.46,13.12,174.68,0.42,390.09,638.64,-0.37964004931957,-0.378771061925845,0.125061145700687,-0.440412796315911,-0.471680296932553,-0.115057782033704,-0.057824031618513,-0.302269654839029,"CN",0,0,34.21,0.32,625.52,225.63,-0.298961105191805,-0.0644260582909005,-0.233773867876968,-0.110299336745049,0.314452387440234,2.0703893278914,5.60516329112529,1.24607028119318,-0.179077031403328,0.650396650211984,0.761457050555376,-0.242137015915332
"315","serenity_control",NA,NA,NA,NA,NA,NA,NA,NA,NA,NA,"O2",NA,NA,0.53,0.03,4.984724,0.198944,92.61,0.15,153.94,1041.79,-1.10330427073618,-0.396977092998184,-1.01325919555538,-0.480064784965808,-0.768953543703857,-0.123733247619311,-0.692504863025748,-0.0560159678611359,"CN",0,0,92.08,0.12,1041.591056,148.955276,0.0971681938778839,-0.0708105242417739,0.0479252806858526,-0.371295019447104,7.44903181377308,2.32192809488736,12.3544144844838,4.94871071617491,4.04698041253726,0.737752157817852,2.94701721649408,2.80912552420492
"316","serenity_control",NA,NA,NA,NA,NA,NA,NA,NA,NA,NA,"O3",NA,NA,0.7,0.05,4.984724,0.04,109.03,0.04,152.89,443.29,-1.10242515884794,-0.391775369834659,-1.01325919555538,-0.4805525504924,-0.7094771612013,-0.127267696561596,-0.695326861217481,-0.421594119061108,"CN",0,0,108.33,-0.01,443.25,147.905276,0.208402012953095,-0.0749604271098417,-0.357179000409296,-0.374869149910712,7.28315451500337,-0.321928094887362,13.4359631972452,4.93883661190729,3.94872556787758,-0.180418040171519,3.29724714814334,2.80098849739984
"317","serenity_control",NA,NA,NA,NA,NA,NA,NA,NA,NA,NA,"O4",NA,NA,2.430539,0.07,4.984724,0.07,110.72,0.41,406.68,301.72,-1.09347611527165,-0.386573646671133,-1.01325919555538,-0.480460486836032,-0.703355657764679,-0.115379095573912,-0.0132364601891416,-0.508068469713372,"CN",0,0,108.289461,0.34,301.65,401.695276,0.208124517089003,-0.0637876116958131,-0.453048681468041,0.489015202812287,5.50949575431967,2.55019708256048,12.0735677885289,6.3502366064137,2.89812631588348,0.817026432423733,2.85607270519505,3.96409142569825
"318","serenity_control",NA,NA,NA,NA,NA,NA,NA,NA,NA,NA,"O5",NA,NA,0.86,0.13,4.984724,0.12,143.54,0.3,168.82,289.29,-1.10159775942371,-0.370968477180558,-1.01325919555538,-0.480307047408752,-0.584475336587219,-0.118913544516196,-0.652513117222912,-0.515661011767534,"CN",0,0,142.68,0.17,289.17,163.835276,0.443533193582848,-0.0692144077540556,-0.461498212679998,-0.320644484877112,7.38290045066978,1.20645087746743,11.2352663327569,5.08182839310878,4.00780852550365,0.350364242570327,2.58461173622314,2.91882480183898
"319","serenity_control",NA,NA,NA,NA,NA,NA,NA,NA,NA,NA,"O6",NA,NA,0.13,0.03,4.984724,0.02,212.14,0.1,342.57,1173.94,-1.10537276929676,-0.396977092998184,-1.01325919555538,-0.480613926263312,-0.335993007739754,-0.12533981532035,-0.185539606924343,0.0247044209125923,"CN",0,0,212.01,0.07,1173.92,337.585276,0.918108004443424,-0.0724066407294923,0.137518032494614,0.270789008505689,10.6722893348971,1.73696559416621,15.8409991487157,6.10274137908448,5.95622700254754,0.534603765261271,4.0760521774119,3.76013618638484
"320","serenity_control",NA,NA,NA,NA,NA,NA,NA,NA,NA,NA,"O7",NA,NA,0.13,0.03,4.984724,0.08,121.25,0.19,165.83,243.44,-1.10537276929676,-0.396977092998184,-1.01325919555538,-0.480429798950576,-0.665213982505731,-0.122447993458481,-0.660549093026036,-0.543667291186947,"CN",0,0,121.12,0.16,243.36,160.845276,0.295951585012907,-0.0695336310515992,-0.492513679412351,-0.330822246863958,9.86525740870812,2.66296501272243,11.5712786185146,5.05604758950639,5.47819416061427,0.856188983383992,2.69342011303104,2.89757942258395
"321","serenity_control",NA,NA,NA,NA,NA,NA,NA,NA,NA,NA,"O8",NA,NA,2.430539,0.04,4.984724,0.02,254.96,0.55,401.42,2298.28,-1.09347611527165,-0.394376231416421,-1.01325919555538,-0.480613926263312,-0.180890772736132,-0.110880706011004,-0.027373327321058,0.711478253026505,"CN",0,0,252.529461,0.51,2298.26,396.435276,1.19547012099106,-0.0583608156375707,0.89874767374878,0.471110511156497,6.7128508304608,3.78135971352466,16.810195047009,6.33145506182876,3.61091502750117,1.24459009530428,4.38989972695716,3.94861397806488
"322","serenity_control",NA,NA,NA,NA,NA,NA,NA,NA,NA,NA,"O9",NA,NA,0.86,0.08,4.984724,0.15,259.19,0.23,138.9,67.46,-1.10159775942371,-0.383972785089371,-1.01325919555538,-0.480214983752384,-0.165568903187666,-0.12116273929765,-0.732926627600657,-0.651160094943289,"CN",0,0,258.33,0.15,67.31,133.915276,1.2351757274935,-0.0698528543491429,-0.611707587254103,-0.422490183421074,8.23545768246528,1.52356195605701,8.81292600740961,4.80038916307731,4.51280757597559,0.460491995713372,1.80020315936715,2.68689707485742
"323","serenity_control",NA,NA,NA,NA,NA,NA,NA,NA,NA,NA,"O10",NA,NA,161.87,0.3,102.16,2467.27,248.88,0.24696,135.35,68.19,-0.268975376328892,-0.326753830290593,-0.319630715251182,7.09085461287608,-0.202913696342438,-0.120617791533458,-0.742467669106038,-0.650714193438902,"CN",0,0,87.01,-0.05304,-2399.08,33.19,0.0624632423264181,-0.0763343641824697,-2.28156650439026,-0.765352352380077,0.620614669882957,-0.280685112655481,-5.17721160717822,0.405864457399602,0.00227344708394433,-0.166094992908973,-2.73011977727686,-0.934531700506103
"324","serenity_control",NA,NA,NA,NA,NA,NA,NA,NA,NA,NA,"O11",NA,NA,143.35,0.04,47.17,78.88,105.63,0.55,134.98,2533.17,-0.364746859683442,-0.394376231416421,-0.712144446129887,-0.238609261557047,-0.721792611902195,-0.110880706011004,-0.743462087516458,0.854954697362948,"CN",0,0,-37.72,0.51,2454.29,87.81,-0.791333327104415,-0.0583608156375707,1.00438712527135,-0.579429489596949,-0.440522271543599,3.78135971352466,5.00514053703082,1.5168041528637,-0.626274558675804,1.24459009530428,0.567156113690533,-0.0190313335041074
"325","serenity_control",NA,NA,NA,NA,NA,NA,NA,NA,NA,NA,"O12",NA,NA,145.35,0.09,55.39,88.33,104.32,0.76,146.81,2963.52,-0.354404366880574,-0.381371923507608,-0.653470816964167,-0.209609209801097,-0.726537682613422,-0.104133121666643,-0.711667574556274,1.11782279655912,"CN",0,0,-41.03,0.67,2875.19,91.42,-0.813990800405273,-0.0532532428768719,1.28935568994385,-0.567141288669686,-0.478515296792522,3.07800251200127,5.06826447218167,1.40625279744907,-0.648779137793449,1.00032506172278,0.587597071395404,-0.110134214126609
"326","starfish_control",NA,NA,NA,NA,NA,NA,NA,NA,NA,NA,"SC16C",NA,NA,NA,NA,NA,NA,NA,NA,NA,NA,NA,NA,NA,NA,NA,NA,NA,NA,"CN",0,0,NA,NA,NA,NA,NA,NA,NA,NA,NA,NA,NA,NA,NA,NA,NA,NA
